:020000040800F2
:10000000C046012059020008A16200084F580008AC
:100010009D620008C13200089DAF0008000000008A
:10002000000000000000000000000000A101000826
:10003000533A000800000000F5010008C16C0008F8
:1000400073020008730200087302000873020008BC
:1000500073020008730200087302000873020008AC
:10006000730200087302000873020008730200089C
:10007000730200087302000873020008730200088C
:10008000730200087302000873020008730200087C
:10009000C5320008730200087302000873020008EA
:1000A000730200087302000873020008730200085C
:1000B000730200087302000873020008730200084C
:1000C000730200087302000873020008730200083C
:1000D000730200083D7A0008097B0008B97C00081B
:1000E000730200087302000873020008730200081C
:1000F000730200087302000873020008730200080C
:1001000073020008730200087302000873020008FB
:10011000A9770008597900087302000873020008E3
:1001200073020008730200087302000873020008DB
:1001300073020008730200087302000873020008CB
:100140007302000873020008730200088563000848
:1001500073020008730200087302000873020008AB
:10016000730200087302000873020008730200089B
:10017000730200087302000873020008730200088B
:100180007302000873020008DFF810D000F0A4FB2F
:1001900000480047ADB40008AFF30080C04601201E
:1001A0002A4B19680868B0E8F04F80F30988BFF35C
:1001B0006F8F4FF0000080F311887047000000003F
:1001C00006480068006880F3088862B661B6BFF32D
:1001D0004F8FBFF36F8F00DF00BF00BF08ED00E05F
:1001E000DFF80C00016841F470010160704700BF46
:1001F00088ED00E0EFF30980BFF36F8F134B1A68AF
:100200001EF0100F08BF20ED108A20E9F04F10609B
:1002100008B44FF0500080F31188BFF34F8FBFF345
:100220006F8F0CF04BFC4FF0000080F3118808BC7E
:1002300019680868B0E8F04F1EF0100F08BFB0EC66
:10024000108A80F30988BFF36F8F7047C0000020C9
:10025000EFF30580704700000648804706480047D6
:10026000FEE7FEE7FEE7FEE7FEE7FEE7FEE7FEE766
:10027000FEE7FEE7D16C00088901000840EA0103AF
:100280009B0703D009E008C9121F08C0042AFAD24C
:1002900003E011F8013B00F8013B521EF9D2704710
:1002A000D2B201E000F8012B491EFBD270470022B8
:1002B000F6E710B513460A4604461946FFF7F0FF65
:1002C000204610BD421C10F8011B0029FBD1801AEA
:1002D00070472DE9FE4F804681EA0300C00F0C46AF
:1002E000009021F0004123F00045B8EB0200A94145
:1002F00005D24046214690461C460B46024623F056
:100300000040104347D0270DC7F30A00C3F30A513A
:100310000290401A019040286BDAC3F3130040F4B6
:10032000801B0098924620B10023D2EB030A63EBB6
:100330000B0B01985946C0F14002504600F007FAF5
:1003400006460D4650465946019A00F01FFA10EB3A
:1003500008006141002487EA115284EAE7731A43D6
:1003600040D0009A62B3019A012A4FEA075215DC85
:10037000001B61EB02014FF0004202EA0752CDE997
:100380000042001C41F5801132462B4600F056FA1F
:1003900003B0BDE8F08F40462146F9E7001B61EB52
:1003A0000201001C41F5801300185B412018A2F5E2
:1003B000001747EB030140EAD570B6196D4111E013
:1003C0006D084FEA360645EAC0754FEA0752001B32
:1003D00061EB0201001C41F5801149084FEA300031
:1003E0000019514132462B4603B0BDE8F04F00F0F2
:1003F00016BA0098012240000023D0EB020263EB02
:10040000E073009821464FEAE074B8EB000061EB1E
:100410000401E9E783F000435BE781F0004158E71E
:100420002DE9FE4F81EA030404F0004421F000416D
:1004300000944FF0000B23F0004350EA01045ED01B
:1004400052EA03045BD0C3F30A54C1F30A552C44A7
:10045000A4F2F3340194A0FB0254C1F3130141F45C
:100460008011C3F3130343F4801301FB024400FB28
:10047000034E840A970A44EA815447EA8357A4FB4F
:10048000076802958D0A05FB07854FEA932C04FB4C
:100490000C542705029D4FEA065847EA1637B5EB7C
:1004A00008056EEB070C870E920E47EA811742EAA9
:1004B0008312A7FB0201B6EB0B0164EB00042B0DCA
:1004C00043EA0C335E1844EB1C50DA465146E7FB16
:1004D0000201C5F313044FEA0B3343EA14534FEA06
:1004E0000432019C43EA0603A4F10C040294009C2C
:1004F000CDE900B400F0A2F903B0BDE8F08F002010
:100500000146F9E72DE9F04D81EA030404F0004BC0
:1005100021F0004514464FF0000A23F0004150EA54
:10052000050220D054EA01021DD0C5F30A57024645
:10053000C5F31303C1F31300C1F30A5640F4801549
:1005400043F48013A7EB0608101BD64608F2FD38CB
:1005500073EB050002D308F1010801E092185B413A
:10056000B8F1000F03DA00200146BDE8F08D00204D
:100570004FF48011064684460EE0171B73EB050707
:1005800005D3121B63EB050306434CEA010C490833
:100590004FEA300092185B4150EA0107EDD152EA70
:1005A000030012D082EA040083EA0501084305D063
:1005B000101BAB4106D20122002306E000224FF0BF
:1005C000004302E06FF0010253101AEB06004CEBFF
:1005D000085110EB0A0041EB0B01BDE8F04D00F0B3
:1005E0001EB90EB5C10F80EAE0700844CA070021A9
:1005F00040F233438DE80E000A460B4600F01EF928
:1006000003B000BD0EB540F2334102910021CDE9A7
:1006100000110A460B4600F011F903B000BD70B599
:10062000C1F30A5201F000450024C1F3130140F266
:10063000FF3341F480119A4201DA002070BD40F28C
:1006400033439A42A2F2334203DC524200F08EF866
:1006500000E090402C43F1D0404270BDC1F30A52FB
:1006600010B5C1F3130140F2FF3341F480119A42F7
:1006700001DA002010BD40F233439A42A2F2334225
:1006800003DC524200F072F810BD904010BD00F043
:10069000004230F000400AD0C10D01F56071C0F396
:1006A000160042EA0151C20840071143704700207A
:1006B0000146704701F0004330B421F0004150EA98
:1006C000010206D00A0DA2F56072C1F31301002ADF
:1006D00002DC30BC00207047440F44EAC104C10072
:1006E000E01830BC00EBC25000F062B82DE9F05FBA
:1006F0000546002092469B46884606468146402491
:100700001BE0284641464746224600F02FF8534654
:100710005A46C01A914110D311461846224600F09D
:1007200016F82D1A67EB01084F46224601200021DA
:1007300000F00DF817EB00094E41201EA4F1010452
:10074000DFDC484631462A464346BDE8F09F202A72
:1007500004DB203A00FA02F1002070479140C2F118
:10076000200320FA03F3194390407047202A04DB4A
:10077000203A21FA02F00021704721FA02F3D0401A
:10078000C2F120029140084319467047202A06DB37
:10079000CB17203A41FA02F043EAE07306E041FA4F
:1007A00002F3D040C2F1200291400843194670473D
:1007B0000029A8BF7047401C490008BF20F0010075
:1007C000704710B4B0FA80FC00FA0CF050EA010453
:1007D00004BF10BC704749B1CCF1200421FA04F4E5
:1007E00011FA0CF118BF012121430843A3EB0C01BE
:1007F000CB1D4FEA00614FEA102042BF002010BC21
:10080000704700EBC35010440029A4BF10BC7047D0
:10081000401C490008BF20F0010010BC704710B513
:10082000141E73F1000408DA401C41F10001921813
:100830005B411A4301D120F0010010BD2DE9F04DBC
:1008400092469B4611B1B1FA81F202E0B0FA80F211
:1008500020329046FFF77BFF04460F4640EA0A002D
:1008600041EA0B0153465A46084313D0114653EA56
:10087000010019D0C8F140025046FFF777FF054646
:100880000E46504659464246FFF761FF084305D0E1
:10089000012004E020463946BDE8F08D00200543E4
:1008A00046EAE0762C4337430A986305E40AA0EB56
:1008B00008000022FD0A44EA47540A3002D500200D
:1008C0000146E9E7010510196941DDE9084500190C
:1008D0006941BDE8F04DA2E7064C074D06E0E0682F
:1008E00040F0010394E8070098471034AC42F6D377
:1008F000FFF74EFC5CE500087CE5000870B58C183D
:1009000010F8015B15F0070301D110F8013B2A1123
:1009100006D110F8012B03E010F8016B01F8016B10
:100920005B1EF9D12B0705D40023521E0DD401F80C
:10093000013BFAE710F8013BCB1A921C03E013F8D5
:10094000015B01F8015B521EF9D5A142D8D300200A
:1009500070BD21B1826842F00102826003E08268CA
:1009600022F00102826070470021084A1168084A9B
:100970001140D0E900231A4383681A43C3681A431D
:100980001143044AC2F804137047000004230140D5
:10099000E030FCFF002001400146C86C80B2704787
:1009A0000246002013680B400BB1012000E000203C
:1009B0007047000030B50246002000235068104CFC
:1009C00020400D790C6844EA05242043506090686B
:1009D0000C4C2040D1E903542C438D682C434D79B5
:1009E00044EA450420439060D06A20F470000C7DF6
:1009F000641EE4B2234340EA0350D06230BD0000DD
:100A0000FFFEFFFCFDF7FFC0F0B504460D460020D9
:100A10000021092D11DDE068A5F10A0606EB460765
:100A2000072606FA07F18843A5F10A0606EB4606F3
:100A300003FA06F10843E0600CE0206905EB450786
:100A4000072606FA07F1884305EB450603FA06F187
:100A500008432061072A0FDA606B561E06EB8607F3
:100A60001F2606FA07F18843561E06EB860605FA8E
:100A700006F10843606322E00D2A0FDA206BD61FCF
:100A800006EB86071F2606FA07F18843D61F06EBFA
:100A9000860605FA06F10843206310E0E06AA2F139
:100AA0000D0606EB86071F2606FA07F18843A2F11A
:100AB0000D0606EB860605FA06F10843E062F0BD76
:100AC000816841F080418160704700001CB50121C0
:100AD000102005F05FFC012000908DF8040000203C
:100AE0008DF8060003208DF8050001208DF8070021
:100AF0006946044803F0DEF80121024803F04EF98C
:100B00001CBD00000010024000B58BB00121082080
:100B100005F040FC0121480605F05CFC032009902B
:100B200002208DF8280000208DF82A0003208DF87F
:100B3000290001208DF82B0009A92D4803F0BAF8EF
:100B4000092200212A4803F0FDF809220121284842
:100B500003F0F8F800208DF81A008DF81B008DF8CE
:100B60001C0001208DF81D0000208DF81E008DF85E
:100B70001F008DF816008DF8170003208DF818005F
:100B800001208DF819000620ADF8140005A91948B8
:100B900002F057FC00208DF80E00ADF80400ADF80F
:100BA0000600ADF80800ADF80A008DF80F0001202E
:100BB0008DF810000020ADF80C0001208DF8110018
:100BC00001A802F0B1FB012202210A4802F030FC28
:100BD00014208DF8200001208DF821008DF82200CE
:100BE0008DF8230008A805F05DFB0BB000BD0000E8
:100BF000000C0240006400402DE9F04106460D461D
:100C000017460B48066000200949087248728D7229
:100C1000002405E0395D06480B300155601CC4B264
:100C2000AC42F7D30249034802F00DFDBDE8F08164
:100C30002C0400200064004010B5394802F0AEF9E1
:100C400000286CD036480078312817D13448007914
:100C500040B200EB400040003249C8803048C078C4
:100C600040B2A0EB8000400008812D48407840B29F
:100C70006FF0130110FB01F02A49488128480078E1
:100C8000322817D12648007940B200EB40004000DE
:100C90002449C8802248C07840B2A0EB80004000C0
:100CA00008811F48407840B26FF0130110FB01F03B
:100CB0001C4948811A48007833280ED11848C0785A
:100CC00040B2A0EB800040001649C88014488078EC
:100CD00040B2A0EB00104000488111480078412844
:100CE00012D10F484078104908700D48807848703C
:100CF0000B48C07888700A480079C8700848407965
:100D0000087107488079487105480078422806D163
:100D100003484078552802D101200449087010BDCD
:100D200008020020680100202C0000204D00002057
:100D30003D4890F905003D49097810FB01F000B2EB
:100D40003B49C880384890F904003849097849423D
:100D500010FB01F000B23649088134480078800069
:100D60004042314991F9021010FB01F000B23049C4
:100D700048812D48007800F0200018B101202D494D
:100D8000087012E02B48007878B12B4800780628CC
:100D900005DA29480078401C2749087002E0012044
:100DA000254908700020234908701F48007800F08A
:100DB000400018B101202149087015E01F48007853
:100DC00090B11A480078022805DD18480078401EC6
:100DD0001649087005E002201449087001201849DE
:100DE00008700020154908700F48007800F0800056
:100DF00018B101201349087015E01248007890B12D
:100E00000A480078082805DA08480078401C074995
:100E1000087005E00820054908700120084908709D
:100E20000020084908707047A60000208F000020AD
:100E3000680100208C0000202C0000208D00002084
:100E40004E0000208E00002010B52DED088B394893
:100E500001F048FD002869D03648C089B0F5FA7F16
:100E600064DA34480089B0F5FA7F05DAB7EE080A8B
:100E7000314880ED000A0FE02E480089B0F57A7FF6
:100E800005DAB7EE000A2C4880ED000A04E09FED79
:100E90002B0A294880ED000A26484088A0F5787082
:100EA00000EE100AB8EEC00A2348D0ED000A20EE8A
:100EB000200ABDEEC00A10EE100A00B22049C88018
:100EC0001C480088A0F5787000EE100AB8EEC00A41
:100ED0001948D0ED000AF1EE600A20EE200ABDEEBE
:100EE000C00A10EE100A00B208811249C988A1F5A3
:100EF0007870FFF776FB41EC190B0F480068FFF79D
:100F0000C6FB41EC1B0B9FED0F0B53EC102BFFF7B7
:100F100087FA41EC1A0B53EC192BFFF781FA41ECDD
:100F2000180BFFF77CFB00B205494881BDEC088B2C
:100F300010BD000018020020900000203333333F22
:100F40006801002000000000000014C010B504205B
:100F500005F0A2FE0E4800680E49B0FBF1F00E4904
:100F600008700B4800680B49B0FBF1F44FF47A703D
:100F700044434FF0E020006940F002004FF0E021D0
:100F8000086108464461006940F00100086110BD35
:100F90001800002040420F009400002010B50446C5
:100FA0004FF47A7104FB01F000F002F810BD00006C
:100FB00070B5034600224FF0E02675690D4E367875
:100FC00003FB06F44FF0E026B16910E04FF0E02695
:100FD000B06988420BD0884202D20E1A324402E035
:100FE0002E1A0E4432440146A24200D300E0EDE73F
:100FF00000BF70BD940000201CB50121102005F039
:10100000C9F90420009001208DF8040000208DF81B
:10101000060003208DF8050001208DF807006946C1
:10102000094802F047FE0820009001208DF80600D4
:101030006946054802F03EFE012004490860044963
:10104000C1F88C021CBD0000001002408802424220
:101050000000424270B50446002604F0CDFD211286
:10106000A02202EB4101C8B204F06EFD04F050FE74
:101070002546E11704EB11610912A4EB0121C8B266
:1010800004F062FD04F044FE04F0B6FDA12004F07B
:101090005BFD04F03DFE002004F0FAFC064604F07F
:1010A000EBFD304670BD70B504460E4604F0A4FD5D
:1010B0002112A02202EB4101C8B204F045FD04F068
:1010C00027FE2546E11704EB11610912A4EB01216B
:1010D000C8B204F039FD04F01BFE304604F034FDC4
:1010E00004F016FE04F0C8FD42F21070FFF760FF36
:1010F00070BD4FF08040406A80B2704700B589B043
:101100000121084605F046F90121022005F042F9C7
:101110000121084605F05EF901220F21294802F05D
:1011200011FE01220321284802F00CFE4FF400407A
:10113000079002208DF8200003208DF82100002068
:101140008DF8220001208DF8230007A91D4802F028
:10115000B1FD0820079007A91B4802F0ABFD4FF036
:10116000804005F0A1FE04A806F08AF90020ADF841
:1011700010004FF6FF7005900020ADF81800ADF894
:10118000120004A94FF0804006F038F900231A46F7
:1011900003214FF0804005F04FFF01A805F0A4FFA8
:1011A0000620ADF80C0001A94FF0804005F065FF66
:1011B00000204FF0804148620121880705F059FE68
:1011C00009B000BD00000240000402404FF0804121
:1011D000486270470148006880B2704724040040AC
:1011E00000B589B00121022005F0D4F801210220C8
:1011F00005F0F0F802220421244802F0A3FD0222A7
:101200000521224802F09EFD3020079002208DF833
:10121000200003208DF8210000208DF822000120FD
:101220008DF8230007A9194802F044FD184805F07D
:101230003BFE04A806F024F90020ADF810004FF69C
:10124000FF7005900020ADF81800ADF8120004A959
:101250000F4806F0D3F800231A4603210C4805F086
:10126000EBFE01A805F040FF0620ADF80C0001A937
:10127000074805F002FF00200549243108600121DC
:10128000034805F0F6FD09B000BD0000000402406F
:101290000004004001490860704700002404004039
:1012A0000148006880B27047240C004000B589B046
:1012B0000121084605F06EF80121082005F08AF8A2
:1012C00002220021244802F03DFD02220121224891
:1012D00002F038FD0320079002208DF82000032043
:1012E0008DF8210000208DF8220001208DF82300C8
:1012F00007A9194802F0DEFC184805F0D5FD04A83E
:1013000006F0BEF80020ADF810004FF6FF70059013
:101310000020ADF81800ADF8120004A90F4806F03F
:101320006DF800231A4603210C4805F085FE01A83C
:1013300005F0DAFE0620ADF80C0001A9074805F01B
:101340009CFE00200549243108600121034805F076
:1013500090FD09B000BD000000000240000C0040FC
:101360000149086070470000240C004001480068F3
:1013700080B270472408004000B589B001210820E0
:1013800005F008F80121042005F024F802220C21C0
:10139000244802F0D7FC02220D21224802F0D2FCA0
:1013A0004FF44050079002208DF8200003208DF864
:1013B000210000208DF8220001208DF8230007A9CC
:1013C000184802F077FC184805F06EFD04A806F0F6
:1013D00057F80020ADF810004FF6FF700590002080
:1013E000ADF81800ADF8120004A90F4806F006F891
:1013F00000231A4603210C4805F01EFE01A805F043
:1014000073FE0620ADF80C0001A9074805F035FE73
:1014100000200549243108600121034805F029FD19
:1014200009B000BD000C02400008004001490860FE
:101430007047000024080040F8B506460C461546E3
:1014400046EA040040F0800000909DF80010032060
:1014500004F0C3FC01226946062004F0B3FC9DF8A9
:10146000000000F0F00000909DF80000284300907C
:101470009DF8000040F0010000909DF8001006204B
:1014800004F0ABFCF8BDF8B506460C46154646EA36
:10149000040040F0800000909DF80010042004F04B
:1014A0009CFC01226946062004F08CFC9DF800009B
:1014B00000F00F0000909DF80000284300909DF878
:1014C000000040F0100000909DF80010062004F08D
:1014D00084FCF8BD1CB5044606226946352004F09C
:1014E00071FC9DF800009DF8011040EA012000B257
:1014F00020809DF802009DF8031040EA012000B210
:1015000060809DF804009DF8051040EA012000B2BB
:10151000A0801CBD1CB50446062269463B2004F091
:1015200051FC9DF800009DF8011040EA012000B236
:1015300020809DF802009DF8031040EA012000B2CF
:1015400060809DF804009DF8051040EA012000B27B
:10155000A0801CBD10B504F0C5F9B021602004F0D6
:101560003CFC1848FFF724FD0021082004F035FC5E
:10157000A2210A2004F031FC1348FFF719FD602175
:10158000022004F02AFC0021082004F026FC00219F
:10159000082004F022FC4FF4FA60FFF709FD062250
:1015A00004211020FFF748FF602204215020FFF79C
:1015B0006AFF0321082004F010FC4FF4FA60FFF7E3
:1015C000F7FC10BDF049020080841E001CB501210B
:1015D000102004F0DFFE0221094802F0E1FB0220A6
:1015E000009000208DF8040003208DF805000120F4
:1015F0008DF807006946024802F05CFB1CBD000044
:10160000001002400348006808B90120704700201C
:10161000FCE70000040242421CB50121022004F054
:10162000B9FE012000908DF8040000208DF806001E
:1016300003208DF8050001208DF807006946094850
:1016400002F038FB0121074802F0AAFB02200090BB
:101650006946044802F02EFB0221024802F0A0FB7A
:101660001CBD00000004024010B516480078012897
:1016700002D104F061FC24E012480078022802D173
:1016800004F064FC1DE00F480078032802D104F048
:10169000D3FC16E00B480078042802D104F0D4FCF7
:1016A0000FE008480078052802D104F025FD08E085
:1016B00004480078062802D104F050FD01E004F04F
:1016C0003BFC10BD2C00002000B58BB00121102088
:1016D00004F060FE0121084604F09CFE012209216D
:1016E000354802F02FFB01220B21334802F02AFB80
:1016F00001220D21304802F025FB01220E212E4847
:1017000002F020FB4FF4D440099002208DF828000D
:1017100003208DF8290000208DF82A0001208DF883
:101720002B0009A9244802F0C5FA41F2670007908E
:101730000120ADF818000020ADF81A00ADF8200027
:1017400006A91E4805F05AFE6020ADF804000120ED
:10175000ADF8060000200390ADF8100001A917486D
:1017600005F0CCFC0821154805F006FD01A9134839
:1017700005F00CFD0821114805F05AFD01A90F489C
:1017800005F064FD08210D4805F0B0FD01A90B48E6
:1017900005F0B6FD0821094805F0EEFD01210748D6
:1017A00005F05BFB0121054805F063FB01210348BF
:1017B00005F06BFB0BB000BD0010024000000140C3
:1017C00070B505462C4641F26800844200DD0446AF
:1017D0000E48844200DA0446002C0BDD41F2680119
:1017E0000B4805F0D6FD41F26800011B084805F0E2
:1017F000D2FD0AE041F26801054805F0CCFD41F256
:1018000068002118024805F0C4FD70BD98EFFFFF85
:101810000000014070B505462C4641F26800844244
:1018200000DD04460E48844200DA0446002C0BDD3D
:1018300041F268010B4805F0B0FD41F26800011B60
:10184000084805F0ACFD0AE041F26801054805F0E2
:10185000A6FD41F268002118024805F09EFD70BD0A
:1018600098EFFFFF0000014000B58BB00121102070
:1018700004F090FD0121080404F0CCFD03220521B1
:10188000504802F05FFA032206214E4802F05AFA4D
:101890006020099002208DF8280003208DF829008F
:1018A00000208DF82A0001208DF82B0009A9454859
:1018B00002F000FA41F2670007900120ADF818002D
:1018C0000020ADF81A00ADF8200006A93E4805F04A
:1018D00095FD6020ADF804000120ADF80600002061
:1018E0000390ADF8100001A9374805F007FC082166
:1018F000354805F041FC01A9334805F047FC0821B3
:10190000314805F095FC01212F4805F0A6FA012188
:101910002D4805F0AEFA0121022004F03BFD012123
:10192000402004F057FD09220E21284802F00AFA4F
:1019300009220F21254802F005FA4FF44040099092
:1019400002208DF8280003208DF8290000208DF852
:101950002A0001208DF82B0009A91C4802F0AAF9E1
:1019600041F2670007900020ADF81800ADF81A00AA
:10197000ADF8200006A9164805F040FD6020ADF83E
:1019800004000120ADF8060000200390ADF810001F
:1019900001A90F4805F0B2FB08210D4805F0ECFB4A
:1019A00001A90B4805F0F2FB0821094805F040FCAD
:1019B0000121074805F051FA0121054805F059FABF
:1019C0000BB000BD00100240004001400004024086
:1019D0000018004070B505462C4641F2680084426C
:1019E00000DD04460E48844200DA0446002C0BDD7C
:1019F00041F268010B4805F0CCFC41F26800011B84
:101A0000084805F0C8FC0AE041F26801054805F005
:101A1000C2FC41F268002118024805F0BAFC70BD12
:101A200098EFFFFF0040014070B505462C4641F29B
:101A30006800844200DD04460E48844200DA044611
:101A4000002C0BDD41F268010B4805F0A2FC41F2CD
:101A50006800011B084805F09EFC0AE041F268019D
:101A6000054805F098FC41F268002118024805F08D
:101A700090FC70BD98EFFFFF0018004070B5002487
:101A800015E004F1B001C8B204F066FC002004F0D7
:101A900063FC102004F060FC002504E0002004F04A
:101AA0006BFC681CC5B2802DF8DB601CC4B2082C2E
:101AB000E7DB70BD2DE9F04705460E461746984610
:101AC0004FF000090024A7F1200000F0FF097B2D52
:101AD0002BDA082E29DAB8F1000F14D03146284647
:101AE00004F026FC00BF0BE009EB490104EB4101C7
:101AF0000F4A515CC943C8B204F03EFC601CC4B23A
:101B0000062CF1DB11E03146284604F011FC0024DC
:101B100009E009EB490104EB4101054A505C04F07E
:101B20002BFC601CC4B2062CF3DBBDE8F087000080
:101B300030E300082DE9F04105460E4614461F46E5
:101B40000A2C07DA04F13000C2B23B46314628467F
:101B5000FFF7B0FFBDE8F0812DE9F05F05460E46C6
:101B600017469846DDE90A9B7F2D01DC072E01DD33
:101B7000BDE8F09FE819802803DC06EB0800082880
:101B800000DDF5E7BBF1000F18D0344613E0214625
:101B9000284604F0CDFBAA4609E019F8012BD143F1
:101BA000C8B204F0E9FB0AF1010000F0FF0ABA45EF
:101BB000F3DB601CC4B24445E9DB15E0344611E0B8
:101BC0002146284604F0B4FBAA4607E019F8010BA9
:101BD00004F0D2FB0AF1010000F0FF0ABA45F5DB80
:101BE000601CC4B24445EBDB00BFC1E72DE9F04106
:101BF00004460D461646984600277B2C14DA082D1D
:101C000012DA0EE0F25D434629462046FFF752FF06
:101C1000A01DC4B27A2C02DD0024681CC5B2781C59
:101C2000C7B2F05D0028EDD1BDE8F0812DE9FE4F8F
:101C300080468A4691461D46DDE90C7B002D76DD07
:101C4000E8190A2873DAB9F1000F02DAC9F10006BF
:101C500000E04E460A20B6FBF0F100FB11608DF863
:101C600001006420B6FBF0F100FB11600A21B0FB1B
:101C7000F1F08DF802004FF47A70B6FBF0F100FB42
:101C800011606421B0FBF1F0C0B28DF8030042F2A4
:101C90001070B6FBF0F100FB11604FF47A71B0FBED
:101CA000F1F0C0B28DF804005948B6FBF0F100FB2A
:101CB000116042F21071B0FBF1F0C0B28DF8050076
:101CC0005448B6FBF0F100FB11605149B0FBF1F054
:101CD000C0B28DF806005048B6FBF0F100FB116071
:101CE0004C49B0FBF1F0C0B28DF807004B48B6FB91
:101CF000F0F100FB11604849B0FBF1F0C0B28DF883
:101D000008004748B6FBF0F100FB11604349B0FB07
:101D1000F1F0C0B28DF80900B9F1000F41DA0023EB
:101D20002D2251464046FFF7C5FE002412E037E061
:101D3000E919091B491E1DF8012004EB440308F1B1
:101D4000060101EB4301C8B25B465146FFF7F2FEC4
:101D5000601CC4B2681EA042EADC002F56D005EB1E
:101D6000450108EB4101C8B25B462E225146FFF700
:101D7000A1FE002412E005EB450108EB4101891D9D
:101D800004EB440301EB4301C8B2391B1DF80120E9
:101D90005B465146FFF7CEFE601CC4B2BC42EADB94
:101DA00034E000240EE0E919091B1DF8012004EBC2
:101DB000440108EB4101C8B25B465146FFF7BAFE49
:101DC000601CC4B2AC42EEDB07B305EB450108EB87
:101DD0004101C8B25B462E225146FFF76BFE00243C
:101DE00012E005EB450108EB4101891D04EB4403BA
:101DF00001EB4301C8B2391B1DF801205B46514677
:101E0000FFF798FE601CC4B2BC42EADBBDE8FE8F5F
:101E1000A086010040420F008096980000E1F50581
:101E200000CA9A3B00B587B00121084604F0B2FA17
:101E30000121080304F0EEFAA020009002208DF8A2
:101E4000040000208DF8060003208DF80500012015
:101E50008DF807006946574801F02CFF052211460E
:101E6000544801F06FFF05220721524801F06AFF34
:101E70005020009001208DF8040000208DF806000D
:101E800003208DF8050001208DF8070069464948B8
:101E900001F010FF0020ADF808004FF48270ADF89B
:101EA0000A000020ADF80C000220ADF80E00012061
:101EB000ADF810004002ADF812000020ADF814009B
:101EC000ADF816000720ADF8180002A93A4804F052
:101ED00082FC0121384804F05BFCFF2004F030FC58
:101EE0004021344801F05CFF6420FFF757F840219F
:101EF000304801F053FFC820FFF750F840212D482B
:101F000001F04EFFAE2004F027FA002004F024FA7E
:101F1000102004F021FA402004F01EFA812004F081
:101F20001BFAEF2004F018FAA12004F015FAC820DB
:101F300004F012FAA62004F00FFAA82004F00CFA1C
:101F40003F2004F009FAD32004F006FA002004F040
:101F500003FAD52004F000FA802004F0FDF9D9201E
:101F600004F0FAF9F12004F0F7F9DA2004F0F4F9BA
:101F7000122004F0F1F9DB2004F0EEF9402004F027
:101F8000EBF9202004F0E8F9022004F0E5F98D20B7
:101F900004F0E2F9142004F0DFF9A42004F0DCF9E5
:101FA000A62004F0D9F9AF2004F0D6F9FFF766FDBA
:101FB00007B000BD000002400030014000B597B0FE
:101FC0000121042004F0E6F90121C80304F002FA1B
:101FD00006220C21344801F0B5FE4FF480501590D4
:101FE00002208DF858008DF8590000208DF85A0015
:101FF00001208DF85B0015A92B4801F05BFE4FF422
:102000004040ADF840004FF48270ADF8420000202F
:10201000ADF84400ADF846000120ADF8480040029C
:10202000ADF84A001020ADF84C000020ADF84E008D
:102030000720ADF8500010A91C4804F0CCFB01218A
:102040001A4804F0A5FB0021184804F095FB012272
:102050000221164804F0A8FB0121480504F09AF972
:10206000134801F0A9FB00BF114801F051FC002802
:10207000FAD101900D480C3002900E480390402098
:1020800004900020059006904FF480600790002097
:10209000089009900A904FF400300B9001A9044871
:1020A00001F062FC17B000BD00080240003C004097
:1020B00088600240680300202DE9F04106460F4683
:1020C000904600202149087081F8C100002424E0D6
:1020D00007FA04F000F0800008B1F82100E0C02108
:1020E0001A4A601C115406FA04F000F0800008B18E
:1020F000F82100E0C021154A04F10900115408FA42
:1021000004F000F0800008B1F82100E0C0210F4A7F
:1021100004F111001154601C84B2082CD8DB012595
:102120000EE0012408E00948005D182101FB05418B
:10213000064A5054601C84B2192CF4DB681C85B22A
:10214000082DEEDB04F0FAF9BDE8F0816803002009
:1021500070B5064600202449087081F8C1000024AB
:102160003CE0002536E004EB440030444078A840D1
:1021700000F0800008B1F82100E0C02104EB440029
:1021800005EBC000401C184A115404EB4400305CBD
:10219000A84000F0800008B1F82100E0C02104EB65
:1021A000440005EBC00009300F4A115404EB440011
:1021B00030448078A84000F0800008B1F82100E0A9
:1021C000C02104EB440005EBC0001130064A115455
:1021D000681CC5B2082DC6DB601CC4B2082CC0DB6D
:1021E00004F0ACF970BD00006803002070B506462D
:1021F00000202449087081F8C10000243CE000253B
:1022000036E004EB440030444078A84000F0800001
:1022100008B1F82100E0C02104EB440005EBC00048
:10222000401C184A115404EB4400305CA84000F0F4
:10223000800008B1F82100E0C02104EB440005EB68
:10224000C00009300F4A115404EB44003044807838
:10225000A84000F0800008B1F82100E0C02104EBA4
:10226000440005EBC0001130064A1154681CC5B289
:10227000082DC6DB601CC4B2082CC0DB04F05EF97C
:1022800070BD00006803002070B52DED0E8BFEF7C9
:1022900030FF05B22846FEF7A4F941EC190B9FED7B
:1022A000FE0B53EC102BFEF7BBF841EC180BFEF7BE
:1022B00001FA0446FEF7EBF9F94A03C20020FEF7E3
:1022C00085FFFEF787FF05B22846FEF78AF941EC45
:1022D0001A0B9FEDF10B53EC102BFEF7A1F841EC1C
:1022E000190B81F0004141EC180BFEF7E3F90446AD
:1022F000FEF7CDF9EB4A03C20020FEF7CBFFFEF755
:10230000CFFF05B22846FEF76CF941EC190B9FEDA3
:10231000E20B53EC102BFEF783F841EC180BFEF7A1
:10232000C9F90446FEF7B3F9DF4A03C20020FFF7FC
:1023300017F8FFF71BF804B22046FEF752F941ECFC
:102340001A0B9FEDD50B53EC102BFEF769F841ECFF
:10235000190B81F0004141EC180BFEF7ABF9054673
:10236000FEF795F9D14A03C20020FFF75FF8CD4888
:1023700090ED002BB0EE420AF0EE620AC84890EDF4
:10238000002BB0EE421AF0EE621A53EC102B51EC17
:10239000110BFDF79EFF41EC1C0BC34890ED001B99
:1023A000B0EE410AF0EE610A53EC102B51EC1C0B1D
:1023B000FDF78FFF41EC1B0BBC4890ED001BB0EE0E
:1023C000410AF0EE610A53EC102B51EC1B0BFDF7A8
:1023D00080FF41EC1A0B9FEDB60B53EC102BFEF770
:1023E00091F841EC190B9FEDB40B53EC102BFEF759
:1023F00017F841EC180BFEF712F900B2B04908804B
:10240000A74890ED001BB0EE410AF0EE610A51ECD6
:10241000100B81F0004141EC1D0BA24890ED001B18
:10242000B0EE410AF0EE610A53EC102B51EC1D0B9B
:10243000FDF74FFF41EC1C0B9B4890ED001BB0EEED
:10244000410AF0EE610A53EC102B51EC1C0BFDF726
:1024500040FF41EC1B0B954890ED001BB0EE410A8C
:10246000F0EE610A53EC102B51EC1B0BFDF7D2FF81
:1024700041EC1A0B9FED8E0B53EC102BFEF742F83C
:1024800041EC190B9FED8C0B53EC102BFDF7C8FFA3
:1024900041EC180BFEF7C3F800B289494880804828
:1024A00090ED001BB0EE410AF0EE610A51EC100B0A
:1024B00081F0004141EC1E0B7A4890ED001BB0EE1C
:1024C000410AF0EE610A53EC102B51EC1E0BFDF7A4
:1024D00000FF41EC1D0B744890ED001BB0EE410A6B
:1024E000F0EE610A53EC102B51EC1D0BFDF792FF3F
:1024F00041EC1C0B6D4890ED001BB0EE410AF0EE74
:10250000610A53EC102B51EC1C0BFDF7E2FE41EC81
:102510001B0B9FED670B53EC102BFDF7F3FF41EC0A
:102520001A0B9FED680B53EC102BFDF7EBFF41EC02
:10253000190B9FED610B53EC102BFDF771FF41EC74
:10254000180BFEF76CF800B25D4988800846B0F9B8
:10255000060040F2DC51884202DD08465849C88036
:102560005748B0F906005949884203DA4FF624204B
:102570005349C8805248B0F90800B0F5966F03DDA2
:102580004FF496604E4908814D48B0F9080010F5A7
:10259000966F03DA4FF65030494908814848B0F940
:1025A0000A0041F68801884202DD08464449488114
:1025B0004348B0F90A004649884203DA4EF278707F
:1025C0003F4948813E49B1F90600FEF70AF841EC5F
:1025D000190B9FED390B53EC102BFDF793FF41ECDA
:1025E000180BFEF767F836498861B1F90800FDF766
:1025F000F8FF41EC190B9FED300B53EC102BFDF75E
:1026000081FF41EC180BFEF755F82D49C861B1F96F
:102610000A00FDF7E6FF41EC190B9FED270B53EC89
:10262000102BFDF76FFF41EC180BFEF743F8244920
:102630000862084690ED080A10EE101A0846FEF7E8
:1026400026F841EC1B0B9FED1F0B53EC102BFDF7F5
:10265000E7FE41EC190B1A4890ED060AD0ED070A87
:1026600030EE600A10EE101A0846FEF710F841EC42
:102670001A0B53EC192BFDF7CDFE41EC180BFEF7AE
:1026800019F8074988600E4890ED080A10EE101AF4
:102690000846FDF7FCFF1DE062FCC032CD00843F20
:1026A00090010020A0010020B0010020C001002006
:1026B00000000000000010400000000000408F40BB
:1026C0006801002062105839B4C8C63F24FAFFFFE1
:1026D00078E7FFFF41EC1B0B1FED060B53EC102BB3
:1026E000FDF79EFE41EC190B724890ED060AD0ED05
:1026F000070A30EE200A10EE101A0846FDF7C7FF51
:1027000041EC1A0B53EC192BFDF7E3FD41EC180BD0
:10271000FDF7D0FF68498860664890ED080A10EE22
:10272000101A0846FDF7B3FF41EC1B0B1FED1B0B06
:1027300053EC102BFDF774FE41EC190B5D4890ED46
:10274000060AD0ED070A30EE200A10EE101A0846ED
:10275000FDF79DFF41EC1A0B53EC192BFDF75AFEC8
:1027600041EC180BFDF7A6FF54498860514890EDE5
:10277000080A10EE101A0846FDF789FF41EC1B0B02
:102780001FED300B53EC102BFDF74AFE41EC190BFB
:10279000484890ED060AD0ED070A30EE600A10EEC8
:1027A000101A0846FDF773FF41EC1A0B53EC192B76
:1027B000FDF78FFD41EC180BFDF77CFF4049886069
:1027C000404890ED001BB0EE410AF0EE610A51EC7A
:1027D000100BFDF76FFF08EE100A3A48D0ED020A21
:1027E000B0EE600AF0EE480A00F0CAF93549888177
:1027F000314890ED001BB0EE410AF0EE610A51EC59
:10280000100BFDF757FF08EE100A2B48D0ED020A17
:10281000B0EE600AF0EE480A00F0F8F92649888127
:10282000264890ED001BB0EE410AF0EE610A51EC33
:10283000100BFDF73FFF08EE100A2048D0ED020A0A
:10284000B0EE600AF0EE480A00F026FA1B498881D3
:102850001B4890ED001BB0EE410AF0EE610A51EC0E
:10286000100BFDF727FF08EE100A1548D0ED020AFD
:10287000B0EE600AF0EE480A00F054FA1049888180
:1028800010498989494208B2FEF79AFF0A498989A5
:10289000494208B2FEF7BEFF0849B1F90C00FFF744
:1028A00099F80749B1F90C00FFF7BEF8BDEC0E8BA3
:1028B00070BD000068010020A0010020B0010020D0
:1028C000C00100209001002010B50020FEF778FF25
:1028D0000020FEF79FFF0020FFF77CF80020FFF7A5
:1028E000A3F810BD01463948007800286CD038485C
:1028F0004078374A927840EA0220C0F30A00088004
:1029000033488078C010324AD27840EA4210C0F38F
:102910000A0048802E48C07880112D4A127940EA7A
:1029200082002B4A527940EA8220C0F30A00888054
:10293000274840794010264A927940EAC210C0F3F5
:102940000A00C880224880790011214AD27940EAE1
:102950000210C0F30A0008811D48C079C0111C4A4A
:10296000127A40EA42001A4A527A40EA4220C0F300
:102970000A0048811648407A8010154A927A40EA47
:102980008210C0F30A0088811148807A4011104AF1
:10299000D27A40EAC200C8810D48007B0C4A527BC3
:1029A00040EA0220C0F30A0008820948407BC010B8
:1029B000074A927B40EA4210C0F30A004882002096
:1029C000024A1070012070470020FCE7A0000020A0
:1029D0005404002000B587B001210C2003F0DAFC7C
:1029E0000121080503F0F6FC08220221244801F029
:1029F000A9F90420059002208DF818008DF819001F
:102A000000208DF81A0001208DF81B0005A91C4834
:102A100001F050F91B4801904FF48050ADF80800C8
:102A20004000ADF80A00C010ADF80C000020ADF871
:102A300010000420ADF80E0001A9134805F026FA95
:102A400035208DF8000001208DF801008DF802007E
:102A50008DF80300684603F025FC012240F2255161
:102A6000094805F0EDF9012240F22441064805F03D
:102A7000E7F90121044805F0A0F907B000BD000006
:102A8000000C0240A08601000050004000B58BB051
:102A90000121022003F07EFC0121880403F0BAFC2E
:102AA00003220921214801F04DF902208DF8280068
:102AB00000208DF82A004FF40070099001208DF855
:102AC0002B0003208DF8290009A9184801F0F2F81D
:102AD000A720ADF818000020ADF81A008DF82200EC
:102AE00044F61F6007900020ADF8200006A91048AA
:102AF00004F084FC6020ADF804000120ADF806006D
:102B000000200390ADF8100001A9094804F0F6FA7E
:102B10000821074804F030FB0121054804F09DF925
:102B20000121034804F0A5F90BB000BD00040240E8
:102B30000048014010B50446B4F5617F01DD4FF453
:102B4000617414F5617F00DA094C00EE104AF8EE6A
:102B5000C00A9FED080A9FED081A01EE200ABCEE9C
:102B6000C00A10EE101A054804F013FC10BD000056
:102B70007CFCFFFF0080BB443F358E3F0048014096
:102B800030EE601A1C4880ED001A1C48B0F90000B5
:102B900001EE100AB8EEC11A1748D0ED001A21EE66
:102BA000211AD0ED001A164890ED002A31EEC22A03
:102BB0001448B0F9000001EE900AF8EEE11A01EEB7
:102BC000821A1148B0F9000001EE900AF8EEE11AFD
:102BD00031EE211ABDEEC11A11EE100A00B20A49F7
:102BE0000880054890ED001A054880ED001A084657
:102BF000B0F9000070470000680000204600002087
:102C00006C000020480000206000002030EE601AB8
:102C10001C4880ED001A1C48B0F9000001EE100AB3
:102C2000B8EEC11A1748D0ED001A21EE211AD0EDE6
:102C3000001A164890ED002A31EEC22A1448B0F965
:102C4000000001EE900AF8EEE11A01EE821A114836
:102C5000B0F9020001EE900AF8EEE11A31EE211A05
:102C6000BDEEC11A11EE100A00B20A4948800548AB
:102C700090ED001A054880ED001A0846B0F90200F0
:102C80007047000070000020460000207400002003
:102C9000480000206000002030EE601A1C4880EDE3
:102CA000001A1C48B0F9000001EE100AB8EEC11A73
:102CB0001748D0ED001A21EE211AD0ED001A16485F
:102CC00090ED002A31EEC22A1448B0F9000001EE5E
:102CD000900AF8EEE11A01EE821A1148B0F90400E8
:102CE00001EE900AF8EEE11A31EE211ABDEEC11A9A
:102CF00011EE100A00B20A498880054890ED001ACA
:102D0000054880ED001A0846B0F90400704700003D
:102D100078000020460000207C00002048000020B1
:102D20006000002030EE601A1C4880ED001A1C483C
:102D3000B0F9000001EE100AB8EEC11A1748D0ED44
:102D4000001A21EE211AD0ED001A164890ED002A43
:102D500031EEC22A1448B0F9000001EE900AF8EEF4
:102D6000E11A01EE821A1148B0F9060001EE900A4C
:102D7000F8EEE11A31EE211ABDEEC11A11EE100A79
:102D800000B20A49C880054890ED001A054880ED58
:102D9000001A0846B0F906007047000080000020C5
:102DA0004600002084000020480000206000002031
:102DB00010B588B004460121084603F0EBFA012162
:102DC000102003F027FB07220921244800F0BAFF56
:102DD00007220A21214800F0B5FF4FF4C060069099
:102DE00002208DF81C008DF81D0000208DF81E00BB
:102DF00001208DF81F0006A9184800F05BFF02941F
:102E00000020ADF80C00ADF80E00ADF81000ADF8E4
:102E100014000C20ADF8120002A9114805F036F894
:102E200001210F4804F0C9FF40210D4804F0BCFF08
:102E3000012240F225510A4805F002F825208DF8BC
:102E4000040001208DF805008DF806008DF80700BC
:102E500001A803F027FA08B010BD000000000240EE
:102E60000010014010B588B004460121082003F08D
:102E700091FA0121480403F0ADFA07220521214807
:102E800000F060FF072206211E4800F05BFF602073
:102E9000069002208DF81C008DF81D0000208DF892
:102EA0001E0001208DF81F0006A9164800F002FF41
:102EB00002940020ADF80C00ADF80E00ADF8100043
:102EC000ADF814000C20ADF8120002A90E4804F071
:102ED000DDFF01210C4804F070FF012240F2255172
:102EE000094804F0ADFF26208DF8040001208DF87C
:102EF00005008DF806008DF8070001A803F0D2F94F
:102F000008B010BD000C0240004400402DE9F0471D
:102F100007460D4690464FF00009202D37DCAA20C9
:102F20001C49087055204870681D8870084680F854
:102F30000380002405E0395D201D164A1154601CF1
:102F4000C4B2AC42F7DB281DC6B2002406E011482B
:102F5000005D484400F0FF09601CC4B2B442F6DBD7
:102F60000C4800F80490681DC6B200240DE0094822
:102F7000015D094804F0F9FF00BF4021064804F054
:102F800028FF0128F9D1601CC4B2B442EFDBBDE8D0
:102F9000F0870000A00200200044004010B5034666
:102FA0000B48007890B10B488078001FC2B2002116
:102FB00005E0C81C074C205C5854481CC1B2914223
:102FC000F7DB0020024C2070104610BD0020FCE70B
:102FD0009A000020C802002010B588B004460121E4
:102FE000022003F0D7F90121880403F0F3F9072246
:102FF0000A21224800F0A6FE07220B211F4800F0FC
:10300000A1FE4FF44060069002208DF81C008DF860
:103010001D0000208DF81E0001208DF81F0006A95C
:10302000164800F047FE02940020ADF80C00ADF801
:103030000E00ADF81000ADF814000C20ADF8120031
:1030400002A90F4804F022FF01210D4804F0B5FE4B
:10305000012240F225510A4804F0F2FE27208DF8A3
:10306000040001208DF805008DF806008DF807009A
:1030700001A803F017F908B010BD000000040240D9
:103080000048004010B588B004460121042003F038
:1030900081F90121C80403F09DF908220A21224880
:1030A00000F050FE08220B211F4800F04BFE4FF4A9
:1030B0004060069002208DF81C008DF81D00002055
:1030C0008DF81E0001208DF81F0006A9164800F09B
:1030D000F1FD02940020ADF80C00ADF80E00ADF843
:1030E0001000ADF814000C20ADF8120002A90F4832
:1030F00004F0CCFE01210D4804F05FFE012240F2F5
:1031000025510A4804F09CFE34208DF8040001206B
:103110008DF805008DF806008DF8070001A803F072
:10312000C1F808B010BD000000080240004C00408B
:103130002DE9F04707460D4690464FF00009202D37
:1031400037DCAA201C49087055204870681D88701B
:10315000084680F80380002405E0395D201D164AEA
:103160001154601CC4B2AC42F7DB281DC6B2002467
:1031700006E01148005D484400F0FF09601CC4B23D
:10318000B442F6DB0C4800F80490681DC6B2002477
:103190000DE00948015D094804F0E7FE00BF402149
:1031A000064804F016FE0128F9D1601CC4B2B442EE
:1031B000EFDBBDE8F087000040030020004C00403A
:1031C00070B52DED068B1548FDF77AFC00BF022186
:1031D0001248FDF7E5FB0028F9D01048FDF7DCFBAD
:1031E00005462846FDF70EFA41EC1A0B9FED0C0B35
:1031F00053EC102BFDF714F941EC190B9FED0A0B62
:1032000053EC102BFDF77EF941EC180BFDF726FA75
:1032100084B22046BDEC068B70BD00000021014049
:10322000285C8FC2F53EAC400000000000FEAF40BD
:1032300000B58DB00121042003F0ACF80121480253
:1032400003F0E8F801200B9003208DF830000020F7
:103250008DF833000BA9184800F02CFD012148021D
:1032600003F0E8F800214FF4007003F0E3F80020C9
:1032700007900A9009904FF48030089007A8FDF756
:1032800073FB002001908DF808008DF80900039071
:10329000059001208DF8180001A90848FDF78AFB68
:1032A00001210648FDF755FB072301220A210348A7
:1032B000FDF7AAFB0DB000BD00080240002101404F
:1032C00000BFFEE710B5144A0021144800F043F98E
:1032D0000020134908701048006840F281118842AC
:1032E00018D10D48007B0C49C97A40EA012000B290
:1032F0000C49C8800848817B407B41EA002000B22D
:10330000084908810448017CC07B41EA002000B2E2
:103310000449488110BD00004004002000640040C2
:103320004F0000206801002010B50021837A01229F
:1033300002FA03F13D4A126842F001023B4B1A6067
:103340003A4A1C3212688A43384B1C331A60027B9B
:10335000CAB9364A0C3212688A43344B0C331A60AD
:103360004288C38842EA0343304A4032847A42F8B2
:1033700034300288838842EA03432C4A4032847AFC
:1033800002EBC4025360027B012A19D1274A0C3296
:1033900012680A43254B0C331A604288038842EABC
:1033A0000343224A4032847A42F83430C288838808
:1033B00042EA03431D4A4032847A02EBC40253605E
:1033C000C27A3AB9194A121D12688A43174B1B1D5B
:1033D0001A6006E0154A121D12680A43134B1B1DA2
:1033E0001A60028932B9114A143212688A430F4BAB
:1033F00014331A600289012A06D10C4A1432126869
:103400000A430A4B14331A60427B012A06D1074A49
:103410001C3212680A43054B1C331A60034A1268B7
:1034200022F00102014B1A6010BD0000006600404E
:103430001AB143690B43436102E043698B43436123
:10344000704730B5024600200023146824F00204BF
:103450001460146844F00104146000E05B1C5468BC
:1034600004F001041CB94FF6FF74A342F6D154686E
:1034700004F001040CB900206CE08C79012C04D11B
:10348000146844F08004146003E0146824F080049D
:103490001460CC79012C04D1146844F04004146009
:1034A00003E0146824F0400414600C7A012C04D169
:1034B000146844F02004146003E0146824F020042D
:1034C00014604C7A012C04D1146844F01004146088
:1034D00003E0146824F0100414608C7A012C04D1E9
:1034E000146844F00804146003E0146824F008042D
:1034F0001460CC7A012C04D1146844F004041460E4
:1035000003E0146824F0040414608C78A407CD78D8
:1035100044EA05640D7944EA05444D7944EA0554CA
:103520000D886D1E2C43D461146824F001041460CE
:10353000002300E05B1C546804F001041CB14FF64A
:10354000FF74A342F6D1546804F001040CB10020CA
:1035500000E0012030BD10B500F5D87303EB011376
:103560001B6803F004031372137A53B900F5D87380
:1035700003EB01131B6840F2FF7404EA535313601A
:1035800009E000F5D87303EB01131B686FF060448A
:1035900004EAD303536000F5D87303EB01131B68EF
:1035A00003F00203537200F5D87303EB01135B6859
:1035B00003F00F03937200F5D87303EB01135B68FC
:1035C0001B0AD37400F5D87303EB01139B68D37205
:1035D00000F5D87303EB01139B681C0A147300F504
:1035E000D87303EB01139B681C0C547300F5D8735C
:1035F00003EB01139B681B0E937300F5D87303EB69
:103600000113DB68D37300F5D87303EB0113DB6898
:103610001C0A147400F5D87303EB0113DB681C0C4F
:10362000547400F5D87303EB0113DB681B0E93741D
:1036300021B9C36843F02003C36003E0036943F08A
:103640002003036110BD10B502460020936803F00B
:103650008063B3F1806F00D110E0936803F00063E2
:10366000B3F1006F01D1012008E0936803F08053AB
:10367000B3F1805F01D1022000E00420042874D05F
:1036800002F5C07303EB00131B6803F0010402F59D
:10369000C07303EB00131C600B7A7BB94B7A0C8868
:1036A00043EA445302F5C07404EB00142468234336
:1036B00002F5C07404EB0014236010E00B7A4C6830
:1036C00043EAC4034C7A234302F5C07404EB0014AC
:1036D0002468234302F5C07404EB001423608B7A42
:1036E00003F00F038B7202F5C07303EB00135B68EA
:1036F00023F00F0402F5C07303EB00135C6002F5C6
:10370000C07303EB00135B688C7A234302F5C0742B
:1037100004EB001463608B7B1C064B7B44EA034480
:103720000B7B44EA0323CC7A234302F5C07404EBF9
:103730000014A3608B7C1C064B7C44EA03440B7C86
:1037400044EA0323CC7B234302F5C07404EB00144A
:10375000E36002F5C07303EB00131B6843F0010440
:1037600002F5C07303EB00131C6010BD0246094B49
:103770009A4201D2084801E00648103801F000538F
:103780001BB1064B0B40C36002E0044B0B4083604F
:103790007047000010640240006002407D0F7D0F02
:1037A00021B1026842F00102026003E0026822F0E7
:1037B0000102026070470000016821F00101016010
:1037C0000021016041608160C1600161212141618E
:1037D0004A49884204D13D21484A103A91608CE020
:1037E00046491831884205D14FF47461434A103A72
:1037F000916082E041493031884205D14FF4741123
:103800003E4A103A916078E03C494831884205D1FF
:103810004FF07461394A103A91606EE03749603177
:10382000884204D13649354A103AD16065E03349BF
:103830007831884204D13349304A103AD1605CE093
:103840002E499031884204D12F492C4A103AD16038
:1038500053E02A49A831884205D14FF03D51274A0B
:10386000103AD16049E02949884204D13D21274AD4
:10387000083A116041E025491831884205D14FF4DA
:103880007461224A083A116037E020493031884299
:1038900005D14FF474111D4A083A11602DE01B49FF
:1038A0004831884205D14FF07461184A083A1160D6
:1038B00023E016496031884204D11149134A121F8E
:1038C00011601AE011497831884204D10D490F4A3C
:1038D000121F116011E00D499031884204D10A494C
:1038E0000A4A121F116008E00849A831884204D131
:1038F0004FF03D51054A121F1160704710600240A1
:103900003D000020400F002000003D2010640240D8
:10391000014600200A6802F001020AB1012000E01D
:103920000020704730B503460A46002000240B4DA6
:10393000AB4201D20A4901E00849103902F00055B2
:103940000DB14C6800E00C68064D2C4004EA0205FD
:103950000DB1012000E0002030BD000010640240E5
:10396000006002407D0F7D0F10B500220268134BEE
:103970001A40CC680B6823434C6923438C6923436A
:10398000CC6923430C6A23434C6A23438C6A234348
:103990004C6B23438C6B23431A430260426922F031
:1039A0000702D1E90B3423431A4342610B69436098
:1039B0004B6883608B68C36010BD00003F801CF0C3
:1039C0004160704770B50446002500BF05E0002146
:1039D00004F6881040F825106D1C102DF7D3002533
:1039E00004E0002104F58E7041556D1CB5F5006FA3
:1039F000F7D30020207060700120A0700020C4F870
:103A0000C809012121764021A1710021617684F845
:103A10001C19012184F81D19002184F81F1984F84C
:103A20001E194FF4807104F11C00FCF740FC4FF4A8
:103A3000006104F58E70FCF73AFC122104F62610A2
:103A4000FCF735FC3E2104F63810FCF730FC002072
:103A500070BD70472DED048B82B0CDE0642008F07E
:103A60005DFD6648007800B364480078012806D1FF
:103A7000002363A202215A20FEF7B8F81BE05F483A
:103A80000078022806D100235EA202215A20FEF708
:103A9000ADF810E05948007803280CD100235AA251
:103AA00002215A20FEF7A2F805E0002357A20221C6
:103AB0005A20FEF79BF856480088FCF7A3FD41EC1E
:103AC000190B9FED540B53EC102BFCF7A9FC41ECA8
:103AD000180BFCF7A4FD0446002001210223224616
:103AE000CDE9001003211E20FEF7A0F80020009071
:103AF00001904A48B0F90A20062303215A20FEF714
:103B000095F8642008F00AFD454890ED001BB0EEE2
:103B1000410AF0EE610A9FED431B53EC112B51EC6F
:103B2000100BFCF77DFC41EC180BFCF778FD04460C
:103B3000002002210B462246CDE9001006211E205E
:103B4000FEF774F8394890ED001BB0EE410AF0EE34
:103B5000610A9FED341B53EC112B51EC100BFCF759
:103B60005FFC41EC180BFCF75AFD044600200221D3
:103B70000B462246CDE9001006215A20FEF756F8E2
:103B80002B4890ED001BB0EE410AF0EE610A9FED6C
:103B9000251B53EC112B51EC100BFCF741FC41ECB5
:103BA000180BFCF73CFD0446002002210B46224680
:103BB000CDE9001007211E20FEF738F81D4890EDD2
:103BC000001BB0EE410AF0EE610A9FED161B53ECAC
:103BD000112B51EC100BFCF723FC41EC180BFCF7FC
:103BE0001EFD0446002002210B462246CDE90010AE
:103BF00007215A20FEF71AF830E700004F00002096
:103C00004750440041505000524D5300524F530012
:103C1000320000209A9999999999B93FD0010020D2
:103C2000900100200000000000005940A001002089
:103C3000B0010020C001002072B600BFFEE7000006
:103C400010B58B78124C2370CB7863700B79A3710D
:103C50004B79E371CB795BB2A3704B7A5BB2E370C3
:103C6000CB7A5BB223714B7B5BB26371094B1B78E0
:103C7000012B0CD023461B78102B08D12346DB7870
:103C80007F2B04D10123034C2370034C237010BD00
:103C9000A60000204F0000204E0000200120014916
:103CA000087070474E0000200220014908707047DC
:103CB0004E000020F0B50A4600210023002400BF7A
:103CC0003DE0012505FA01F3156805EA03049C426D
:103CD00034D105684F000326BE40B5430560157911
:103CE0004E00B5400668354305601579012D02D0B8
:103CF0001579022D16D185684F000326BE40B543C5
:103D0000856055794E00B5408668354385604568C5
:103D100001268E40B5434560456896798E40B6B21F
:103D200035434560C5684F000326BE40B543C560B6
:103D3000D5794E00B540C6683543C560491C102989
:103D4000BFD3F0BDF0B5002300244D07ED0E02FAFD
:103D500005F3CE1000F1200555F826504E07F70E5A
:103D60000F26BE40B543CF1000F1200646F827507D
:103D7000CE1000F1200555F8265045EA0304CE1078
:103D800000F1200545F82640F0BD024600201369E9
:103D90000B400BB1012000E00020704741837047C9
:103DA000018370470AB1018300E04183704710B579
:103DB0000446D4F8DC0305F009FB10BD10B5044639
:103DC000D4F8DC0305F019FB10BD10B504462068DB
:103DD00006F05CFB10BD10B50446206806F05DFBE4
:103DE00010BD10B502460023C1EB011402F114000E
:103DF00000EB84008371C1EB011402F1140000EBAD
:103E00008400C371C1EB011402F1140000EB8400C3
:103E10004374C1EB011402F1140000EB840003743D
:103E2000002010BD0246C1EB011302F1140000EBAB
:103E3000830090F8380070470246C1EB011302F18D
:103E4000140000EB8300406A704770B504460D46CD
:103E5000002600BF94F8D403012801D1022070BDD0
:103E6000012084F8D40300BF2946206806F026FB11
:103E700000BF002084F8D40300BF3046EFE72DE9EF
:103E8000FF5F04460D4616469B46DDE90E78DDF8D9
:103E900040A000BF94F8D403012803D1022004B04D
:103EA000BDE8F09F012084F8D40300BF0021C5EBDA
:103EB000051204F1140000EB82004171C5EB0511FD
:103EC00004F1140000F821B0C5EB051100EB8100EE
:103ED0004570C5EB051104F1140000EB810080F87A
:103EE000128006F07F01C5EB051204F1140000EB0F
:103EF0008200817029462046FFF773FF06F080009C
:103F0000802808D10121C5EB051204F1140000EB53
:103F10008200C17007E00021C5EB051204F1140016
:103F200000EB8200C170206806F0B7FA8146B8F154
:103F3000010F09D1012F07D1B9F1000F04D1BAF156
:103F4000BC0F01D94FF0BC0AC5EB051104F11400F8
:103F500000EB81000771C5EB051204F1140000EBC2
:103F60008200A0F814A01FFA8AF0CDE90078029030
:103F70005B4632462946206806F07CFB039000BF72
:103F8000002084F8D40300BF039888E770B5044686
:103F90000D461646D4F8DC0305F0C0FA70BD2DE9D5
:103FA000F05F04460D4616461F46DDE90C9BDDE931
:103FB0000A8AC5EB051104F1140000EB8100C670FC
:103FC000C5EB051104F1140000EB81008774B8F112
:103FD000000F10D10321C5EB051204F1140000EB12
:103FE00082008175C5EB051104F1140000EB81001E
:103FF00080F805B007E00221C5EB051204F11400BA
:1040000000EB8200817537B1012F6FD0022F51D0A4
:10401000032F6CD187E0B8F1010F4AD136BBB9F15B
:10402000000F08D10121C5EB051204F1140000EBCB
:10403000820080F82910C5EB051104F1140000EB93
:10404000810090F8290040B90021C5EB051204F168
:10405000140000EB820081752BE00221C5EB0512F4
:1040600004F1140000EB8200817522E0C5EB05111C
:1040700004F1140000EB81008079012819D1C5EB0F
:10408000051104F1140000EB810090F8280040B9FC
:104090000021C5EB051204F1140000EB82008175CC
:1040A00007E00221C5EB051204F1140000EB8200C9
:1040B000817579E0E6B9C5EB051104F1140000EB58
:1040C000810090F8290040B90021C5EB051204F1E8
:1040D000140000EB8200817524E00221C5EB05127B
:1040E00004F1140000EB820081751BE052E05AE0FD
:1040F000C5EB051104F1140000EB810090F82800D5
:1041000040B90021C5EB051204F1140000EB820058
:10411000817507E00221C5EB051204F1140000EBE4
:104120008200817540E0D6B9C5EB051104F1140099
:1041300000EB810090F8290040B90021C5EB051281
:1041400004F1140000EB8200817522E00221C5EB2E
:10415000051204F1140000EB8200817519E0C5EB33
:10416000051104F1140000EB810090F8280040B91B
:104170000021C5EB051204F1140000EB82008175EB
:1041800007E00221C5EB051204F1140000EB8200E8
:10419000817509E00021C5EB051204F1140000EB64
:1041A0008200817500E000BF00BFC5EB051104F17E
:1041B000140000EB8100C0F818A0C5EB051104F154
:1041C000140000EB8100C0F820900021C5EB05121F
:1041D00004F1140000EB820080F83810C5EB0512E2
:1041E00004F1140000EB82004162C5EB051104F1FB
:1041F000140000EB810045700021C5EB051204F1AD
:10420000140000EB820080F83910A279C5EB051C80
:1042100004F1140303EB8C01206806F01DFBBDE8DC
:10422000F09F2DE9F04104462768B846206806F063
:1042300040F901287AD1206806F0A4FD08B9BDE84C
:10424000F081206806F09EFD00F40010B0F5001F1C
:1042500003D14FF4001021684861206806F092FDF8
:1042600000F48010B0F5801F03D14FF48010216856
:104270004861206806F086FD00F08060B0F1806F34
:1042800003D14FF0806021684861206806F07AFD14
:1042900000F00200022801D121684861206806F080
:1042A00071FD00F00050B0F1005F19D14FF00050E7
:1042B00021684861D8F8400400F0010080B910215D
:1042C000384606F0B9F8384606F08EF8607A0228CB
:1042D00003D10121206806F021FD2046FFF76EFD85
:1042E000206806F04FFD00F08070B0F1807F02D1B1
:1042F000204601F0A6F9206806F044FD00F0080011
:10430000082805D1204600F0D7F808202168486128
:10431000206806F037FD00F00070B0F1007F27D173
:10432000206806F091FA064600251AE035E005F00F
:104330000F0101208840304090B108F5A06000EBEB
:104340004510006800F40040B0F5004F04D1E9B218
:10435000204600F0EAF803E0E9B2204600F0D5FD7F
:104360006D1C6079A842E2D84FF000702168486166
:10437000206806F007FDC0F3001070B12068806966
:1043800020F0100021688861204601F0B5F920680E
:10439000806940F010002168886100BF4FE738B5A0
:1043A00004460CB9012038BD256894F8D50328B916
:1043B000002084F8D403204600F034F8032084F869
:1043C000D503B5F1A04F01D10021A171206805F0FE
:1043D000B5FF207C8DF8000094E80F0005F03EFF4B
:1043E00020B1022084F8D5030120DCE701212068F8
:1043F00006F01BFD20B1022084F8D5030120D2E78E
:10440000207C8DF8000094E80F0006F007FC20B136
:10441000022084F8D5030120C5E7012084F8D503E4
:104420000020C0E73EB504460121084601F0B2FF76
:104430000121802001F0BEFF4FF4C0500190022006
:104440008DF8080003208DF8090000208DF80B007E
:1044500001A90E48FFF72EFC0A220B210B48FFF79B
:1044600071FC0A220C210948FFF76CFC43208DF8EF
:10447000000005208DF8010000208DF802000120C9
:104480008DF80300684601F00DFF3EBD00000240BC
:1044900010B50446D4F8DC0305F06FF810BD10B574
:1044A0000446D4F8DC0305F06CF810BD10B50446E2
:1044B000206806F09CFC10BD10B50446D4F8DC035F
:1044C00004F0F4FF10BD10B5044600BF94F8D40307
:1044D000012801D1022010BD012084F8D40300BFBF
:1044E0000121206805F054FF206805F076FF00BF29
:1044F000002084F8D40300BF00BFECE710B50446E9
:1045000000BF94F8D403012801D1022010BD01207E
:1045100084F8D40300BF206806F0BBFC00BF002075
:1045200084F8D40300BF00BFF0E72DE9F041054651
:104530000C46D5F8008046462146286806F013FC54
:1045400000F00400042813D1042106F5A06000EB5C
:10455000441081600721C4EB041205F1140000EB44
:10456000820080F839102146286805F0A7FF72E024
:104570002146286806F0F7FB00F48070B0F5807FD4
:1045800014D14FF4807106F5A06000EB44108160F7
:104590000821C4EB041205F1140000EB820080F83E
:1045A00039102146286805F089FF54E02146286823
:1045B00006F0D9FB00F00800082813D1082106F501
:1045C000A06000EB441081600621C4EB041205F1E9
:1045D000140000EB820080F839102146286805F0AD
:1045E0006DFF38E02146286806F0BDFB00F48060CE
:1045F000B0F5806F14D14FF4806106F5A06000EB38
:10460000441081600921C4EB041205F1140000EB91
:10461000820080F839102146286805F04FFF1AE023
:104620002146286806F09FFB00F08000802812D108
:10463000802106F5A06000EB441081600721C4EBE7
:10464000041205F1140000EB820080F839102146B5
:10465000286805F033FF2146286806F084FB00F443
:104660000070B0F5007F0BD12146286805F026FFC9
:104670004FF4007106F5A06000EB44108160DCE0AF
:104680002146286806F06FFB00F0010000287ED06C
:10469000202106F5A06000EB44108160C4EB0411FA
:1046A00005F1140000EB8100C079012813D100212D
:1046B000C4EB041205F1140000EB8200C17106F591
:1046C000A06000EB4410406820F4803106F5A06043
:1046D00000EB44104160A879A8B1C4EB041105F1C6
:1046E000140000EB8100C16906F5A06000EB4410E6
:1046F0000069C0F31200091AC4EB041205F114009A
:1047000000EB820041620121C4EB041205F11400A8
:1047100000EB820080F839100021C4EB041205F18F
:10472000140000EB82000163012106F5A06000EB9C
:1047300044108160C4EB041105F1140000EB81000A
:10474000807C40B1C4EB041105F1140000EB810042
:10475000807C02280AD12146286805F0AFFE10218E
:1047600006F5A06000EB4410816034E0C4EB041156
:1047700005F1140000EB8100807C03280AD0C4EB13
:10478000041105F1140000EB8100807C00E068E07A
:10479000012820D106F5A06000EB4410006840F02D
:1047A000005106F5A06000EB441001600121C4EB4C
:1047B000041205F1140000EB820080F83810C4EBFD
:1047C000041105F1140000EB810090F83820214617
:1047D0002846FFF7DBFBA87901282FD1C4EB041191
:1047E00005F1140000EB8100C4EB0412416A05F1ED
:1047F000140000EB8200808A0844401EC4EB0412BF
:1048000005F1140101EB8201898AB0FBF1F000F09F
:104810000100002811D0C4EB041105F1140000EBD5
:10482000810090F8280080F00101C4EB041205F12A
:10483000140000EB820080F8281064E3C4EB04113C
:1048400005F1140000EB810090F8280080F00101D0
:10485000C4EB041205F1140000EB820080F828106C
:1048600051E32146286806F07EFA00F02000202857
:1048700024D1202106F5A06000EB44108160C4EB38
:10488000041105F1140000EB810080790128D4D1D6
:104890000121C4EB041205F1140000EB8200C17188
:1048A0000321C4EB041205F1140000EB820080F830
:1048B00039102146286805F001FE24E321462868C6
:1048C00006F051FA00F0020002287DD1022106F51F
:1048D000A06000EB44108160C4EB041105F11400EA
:1048E00000EB810090F83900012812D10221C4EBBD
:1048F000041205F1140000EB820080F83910012148
:10490000C4EB041205F1140000EB820080F83810AB
:1049100037E2C4EB041105F1140000EB810090F8BC
:104920003900062812D10221C4EB041205F114004B
:1049300000EB820080F839100521C4EB041205F168
:10494000140000EB820080F838101AE2C4EB041166
:1049500005F1140000EB810090F83900072809D018
:10496000C4EB041105F1140000EB810090F839004C
:1049700009287ED10221C4EB041205F1140000EBDA
:10498000820080F83910C4EB041105F1140000EB2B
:104990008100006B401CC4EB041205F1140101EB13
:1049A00082010863C4EB041105F1140000EB8100DF
:1049B000006B022837D90021C4EB041205F1140062
:1049C00000EB8200016300E0E8E1C4EB041105F1B3
:1049D000140000EB8100807901281AD10021C4EB7A
:1049E000041205F1140000EB8200C171C4EB041243
:1049F00005F1140000EB8200017206F5A06000EBE7
:104A00004410406820F4803106F5A06000EB4410AB
:104A100041600421C4EB041205F1140000EB820094
:104A200080F83810ADE10221C4EB041205F1140046
:104A300000EB820080F83810C4EB041105F114007B
:104A400000EB8100807C40B1C4EB041105F114003F
:104A500000EB8100807C0228E4D106F5A06000EB29
:104A60004410076827F0804747F0004706F5A0602C
:104A700000E003E000EB4410076082E1C4EB0411A6
:104A800005F1140000EB810090F83900052872D17F
:104A90000221C4EB041205F1140000EB820080F83F
:104AA0003910C4EB041105F1140000EB8100C0794A
:104AB0000128B7D1C4EB041105F1140000EB81000B
:104AC000807C032858D1C4EB041105F1140000EBDD
:104AD0008100406B401CC4EB041205F1140101EB92
:104AE00082014863C4EB041105F1140000EB81005E
:104AF000406B022835D90021C4EB041205F11400E3
:104B000000EB82004163C4EB041205F1140000EBDA
:104B10008200C171C4EB041105F1140000EB8100A7
:104B2000006B032807D20121C4EB041205F1140025
:104B300000EB8200017206F5A06000EB44104068B3
:104B400020F4803106F5A06000EB441041600421A0
:104B5000C4EB041205F1140000EB820080F8381059
:104B600013E00221C4EB041205F1140000EB8200F3
:104B700080F8381009E028E00221C4EB041205F1A6
:104B8000140000EB820080F83810C4EB041105F12A
:104B9000140000EB8100807C40B1C4EB041105F1EE
:104BA000140000EB8100807C02280DD106F5A06086
:104BB00000EB4410076827F0804747F0004706F5F0
:104BC000A06000EB44100760DBE0C4EB041105F1CA
:104BD000140000EB810090F8390003285ED1022117
:104BE000C4EB041205F1140000EB820080F83910C8
:104BF000C4EB041105F1140000EB8100C079012819
:104C00004BD10221C4EB041205F1140000EB820029
:104C100080F8381006F5A06000EB4410406840F4BE
:104C2000803106F5A06000EB4410416006F5A060FD
:104C300000EB4410C06840F0400106F5A06000EBB6
:104C40004410C16006F5A06000EB4410C06820F07D
:104C5000200106F5A06000EB4410C160C4EB041114
:104C600005F1140000EB8100807C40B1C4EB04111D
:104C700005F1140000EB8100807C02280DD106F5BF
:104C8000A06000EB4410076827F0804747F000471A
:104C900006F5A06000EB4410076072E0C4EB04115D
:104CA00005F1140000EB810090F83900042830D1A0
:104CB0000221C4EB041205F1140000EB820080F81D
:104CC0003910C4EB041205F1140000EB820080F8E7
:104CD0003810C4EB041105F1140000EB8100807C56
:104CE00040B1C4EB041105F1140000EB8100807C9D
:104CF000022846D106F5A06000EB4410076827F0B3
:104D0000804747F0004706F5A06000EB44100760BD
:104D100037E0C4EB041105F1140000EB810090F8BA
:104D20003900082821D10221C4EB041205F1140036
:104D300000EB820080F83910C4EB041105F1140077
:104D400000EB8100006B401CC4EB041205F1140160
:104D500001EB820108630421C4EB041205F1140085
:104D600000EB820080F838100BE0C4EB041105F171
:104D7000140000EB810090F83900022801D1BDE851
:104D8000F081C4EB041105F1140000EB810090F8F0
:104D9000382021462846FFF7F9F8B4E02146286874
:104DA00005F0E1FF00F04000402823D1402106F546
:104DB000A06000EB441081600521C4EB041205F1F2
:104DC000140000EB820080F83910C4EB041105F1E7
:104DD000140000EB8100807938B90021C4EB041283
:104DE00005F1140000EB820001632146286805F0FC
:104DF00065FB88E02146286805F0B5FF00F010004B
:104E000010287ED1C4EB041105F1140000EB8100E1
:104E1000807C032815D10021C4EB041205F1140095
:104E200000EB820001630421C4EB041205F11400BD
:104E300000EB820080F839102146286805F03EFB1F
:104E400030E0C4EB041105F1140000EB8100807C1C
:104E500040B1C4EB041105F1140000EB8100807C2B
:104E600002281FD10021C4EB041205F1140000EB4D
:104E700082000163A87940B1C4EB041105F114006C
:104E800000EB8100C07901280CD10421C4EB04128D
:104E900005F1140000EB820080F8391021462868E3
:104EA00005F00CFBC4EB041105F1140000EB8100CC
:104EB000C07901281FD10021C4EB041205F11400B0
:104EC00000EB8200C17106F5A06000EB4410406861
:104ED00020F4803106F5A06000EB4410416006F537
:104EE000A06000EB4410C06840F0200106F5A0600F
:104EF00000EB4410C160102106F5A06000EB4410E7
:104F000000E000E0816000BF39E72DE9F047054689
:104F10000C46D5F800904E462146286805F023FF40
:104F200000F00400042813D1042106F5A06000EB72
:104F3000441081600721C4EB041205F1140000EB5A
:104F4000820080F839102146286805F0B7FA76E328
:104F50002146286805F007FF00F02000202865D1D1
:104F6000202106F5A06000EB44108160C4EB041121
:104F700005F1140000EB8100407901281DD10021CA
:104F8000C4EB041205F1140000EB82004171022110
:104F9000C4EB041205F1140000EB820080F8381015
:104FA0000321C4EB041205F1140000EB820080F829
:104FB00039102146286805F081FAC4EB041105F187
:104FC000140000EB810080790128C0D1C4EB0411EA
:104FD00005F1140000EB8100C0790028B7D1C4EBC3
:104FE000041105F1140000EB8100807C012807D03A
:104FF0000121C4EB041205F1140000EB8200C17121
:105000000321C4EB041205F1140000EB820080F8C8
:1050100039102146286805F051FA0021C4EB04122A
:1050200005F1140000EB8200016308E321462868C3
:1050300005F099FE00F40070B0F5007F0BD14FF43D
:10504000007106F5A06000EB4410816021462868DD
:1050500005F034FAF3E22146286805F084FE00F0FA
:105060000100E8B30021C4EB041205F1140000EBC9
:10507000820001632146286805F075FE00F04000BB
:1050800040280DD10121C4EB041205F1140000EBFE
:1050900082004171402106F5A06000EB4410816060
:1050A000C4EB041105F1140000EB8100C07998B144
:1050B0000021C4EB041205F1140000EB8200C17161
:1050C00006F5A06000EB4410406820F4803106F53E
:1050D000A06000EB44104160012106F5A06000E0F3
:1050E0000FE000EB44108160C4EB041205F11400E2
:1050F00000EB820080F839102146286805F0DEF9BF
:105100009DE22146286805F02EFE00F04000402870
:105110002BD10521C4EB041205F1140000EB820031
:1051200080F83910C4EB041105F1140000EB810084
:10513000807938B90121C4EB041205F1140000EBA9
:10514000820041710021C4EB041205F1140000EB50
:10515000820001632146286805F0B0F9402106F578
:10516000A06000EB4410816069E22146286805F0E8
:10517000FAFD00F00800082813D1082106F5A06008
:1051800000EB441081600621C4EB041205F1140009
:1051900000EB820080F839102146286805F08EF96E
:1051A0004DE22146286805F0DEFD00F010001028D1
:1051B00033D10021C4EB041205F1140000EB82008E
:1051C00001630421C4EB041205F1140000EB82001A
:1051D00080F83910C4EB041105F1140000EB8100D4
:1051E000407978B9C4EB041105F1140000EB81009B
:1051F000007938B90121C4EB041205F1140000EB69
:10520000820041712146286805F058F9102106F501
:10521000A06000EB4410816011E22146286805F08F
:10522000A2FD00F08000802855D1A87968B9072137
:10523000C4EB041205F1140000EB820080F8391071
:105240002146286805F03AF93EE0C4EB041105F167
:10525000140000EB8100006B401CC4EB041205F14C
:10526000140101EB82010863C4EB041105F1140081
:1052700000EB8100006B02281DD90021C4EB041251
:1052800005F1140000EB820001630421C4EB041259
:1052900005F1140000EB820080F83810C4EB041113
:1052A00005F1140000EB810090F8382021462846D3
:1052B000FEF76CFE08E00221C4EB041205F11400B5
:1052C00000EB820080F83810802106F5A06000EB2A
:1052D00044108160B3E12146286805F044FD00F4E4
:1052E0008060B0F5806F14D10921C4EB041205F180
:1052F000140000EB820080F839102146286805F080
:10530000DDF84FF4806106F5A06000EB4410816089
:1053100095E12146286805F026FD00F002000228EC
:105320007DD1022106F5A06000EB44108160C4EB42
:10533000041105F1140000EB810090F839000128F8
:1053400076D10221C4EB041205F1140000EB8200B7
:1053500080F839100121C4EB041205F1140000EBB0
:10536000820080F83810C4EB041105F1140000EB42
:105370008100807C022808D0C4EB041105F11400E0
:1053800000EB8100807C032851D1A87988B9C4EB57
:10539000041105F1140000EB810090F8290080F061
:1053A0000101C4EB041205F1140000EB820080F847
:1053B0002910A8790128E7D1C4EB041105F11400E4
:1053C00000EB8100006A002831D0C4EB041105F124
:1053D000140000EB8100C4EB0412016A05F1140013
:1053E00000EB8200808A0844401EC4EB041205F1E1
:1053F000140101EB8201898AB0FBF1F808F0010089
:105400000028E1D0C4EB041105F1140000EB810089
:1054100090F8290080F00101C4EB041201E00DE1D5
:1054200006E005F1140000EB820080F82910F8E096
:10543000C4EB041105F1140000EB810090F8390071
:1054400003281BD10221C4EB041205F1140000EB68
:10545000820080F83910C4EB041105F1140000EB50
:105460008100C079012808D10221C4EB041205F1A2
:10547000140000EB820080F83810D2E0C4EB041175
:1054800005F1140000EB810090F8390004282ED1BA
:105490000221C4EB041205F1140000EB820080F835
:1054A0003910C4EB041205F1140000EB820080F8FF
:1054B0003810C4EB041105F1140000EB8100C07931
:1054C000012813D10021C4EB041205F1140000EBF4
:1054D0008200C17106F5A06000EB4410406820F422
:1054E000803106F5A06000EB4410416099E0C4EB08
:1054F000041105F1140000EB810090F83900052833
:1055000011D10221C4EB041205F1140000EB82005A
:1055100080F83910C4EB041205F1140000EB82008E
:1055200080F838107DE0C4EB041105F1140000EBA5
:10553000810090F83900062812D10221C4EB041230
:1055400005F1140000EB820080F839100521C4EB4E
:10555000041205F1140000EB820080F8381060E0BE
:10556000C4EB041105F1140000EB810090F8390040
:10557000072809D0C4EB041105F1140000EB8100E9
:1055800090F8390009284AD10221C4EB041205F130
:10559000140000EB820080F83910C4EB041105F10F
:1055A000140000EB8100006B401CC4EB041205F1F9
:1055B000140101EB82010863C4EB041105F114002E
:1055C00000EB8100006B022811D90021C4EB04120A
:1055D00005F1140000EB820001630421C4EB041206
:1055E00005F1140000EB820080F8381019E0022168
:1055F000C4EB041205F1140000EB820080F83810AF
:1056000006F5A06000EB4410076827F0804747F0DC
:10561000004706F5A06000EB4410076001E0BDE81C
:10562000F087C4EB041105F1140000EB810090F841
:10563000382021462846FEF7A9FC00E0EFE700BF2E
:10564000EDE77CB5044626683546D5F84004019060
:10565000D5F840040090009820F02E0000900198AA
:1056600000F0020002280AD1019800F0010010B1F8
:105670002046FEF79CFB009840F002000090019845
:1056800000F0080008282AD1009840F00800009097
:10569000019800F0040004281ED1607A02280FD17E
:1056A000019800F4C020B0F5802F04D102212068B9
:1056B00005F034FB0CE00121206805F02FFB07E02A
:1056C000E079012804D14EF6602140F204404151B6
:1056D0002046FEF7E4FE02E02046FEF7D9FE0198E0
:1056E00000F02000202803D1009840F02000009016
:1056F0000098C5F840047CBD2DE9F84F0546D5F863
:1057000000B05F462868D0F8208008F00F04C8F386
:1057100043400090C8F30A160098022806D00328D8
:105720007DD005287CD007287BD18CE0002E79D055
:10573000C4EB041105F1140000EB8100806900281E
:105740007DD0C4EB041105F1140000EB8100406A28
:105750008119C4EB041205F1140000EB8200006A09
:10576000814263D8B2B2C4EB041C05F1140303EB0D
:105770008C039969286805F00AFBC4EB041105F154
:10578000140000EB810080698119C4EB041205F15B
:10579000140000EB82008161C4EB041105F11400D8
:1057A00000EB8100406A8119C4EB041205F114007A
:1057B00000EB8200416207F5A06000EB4410006935
:1057C000C0F3C94AC4EB041105F1140000EB8100D9
:1057D000808AB04233D1BAF1000F30D007F5A06013
:1057E00000EB4410D0F8009029F0804949F00049BE
:1057F00007F5A06000EB4410C0F80090C4EB041162
:1058000005F1140000EB810090F8280080F0010100
:10581000C4EB041205F1140000EB820003E011E078
:105820000EE00EE00BE080F8281008E00421C4EB45
:10583000041205F1140000EB820080F8381003E038
:1058400002E000BF00BF00BF00BFBDE8F88F00BF8F
:10585000FEE7000010B500200E4908600E48006801
:1058600020F440400C4908600846006840F480403D
:10587000086000200949C1F89C020120FBF798FB51
:10588000012004490860FBF793FB00200349C1F89D
:10589000980210BD988240420004024000804042BD
:1058A00010B500200D4908600220FBF781FB0120A4
:1058B0000B49C1F888020220FBF77AFB0020074958
:1058C000091F08600220FBF773FB01200449C1F89F
:1058D0008C020220FBF76CFB10BD00008C024242E0
:1058E000000042421CB50121022000F053FDC020FF
:1058F000009001208DF8040000208DF806000320A0
:105900008DF8050001208DF8070069460448FEF770
:10591000D1F90120034908600349C1F89C021CBD6C
:1059200000040240988240420080404210B50020AE
:105930000E4908600E48006820F440400C49086099
:105940000846006840F48040086001200949C1F819
:105950009C02FBF72DFB012004490860FBF728FBA4
:1059600000200449C1F8980210BD0000988240420E
:10597000000402400080404210B50120094908603F
:105980000220FBF715FB01200749C1F8880202201D
:10599000FBF70EFB00200349091F08600220FBF7FC
:1059A00007FB10BD8C024242000042422DE9F0414B
:1059B00006460F4614461D4600F0EAF810B90120CD
:1059C000BDE8F0817106080E00F08CF800F06EF969
:1059D00018B900F02DF90120F2E7384600F082F8FE
:1059E00000F064F900F0D4F8012101EB4601C8B2DF
:1059F00000F078F800F05AF90DE0012C04D10020F5
:105A000000F010F8287003E0012000F00BF8287077
:105A10006D1C601EC4B2002CEFD100F009F900200B
:105A2000CEE7000070B5054600241648006820F453
:105A3000404014490860084600680860002616E0E7
:105A40000020114908600220FBF7B2FA01200F493B
:105A5000C1F898026006040E0B487C38006808B153
:105A6000601CC4B20220FBF7A3FA701CC6B2082E59
:105A7000E6DB15B1FFF7EEFE01E0FFF757FF20462A
:105A800070BD000000040240988240420080404205
:105A900070B505460024002615E06006040E0120BE
:105AA0000E4908600220FBF783FA0D48D0F80C027B
:105AB00008B1601CC4B20020084908600220FBF74E
:105AC00077FA701CC6B2082EE7DB15B9FFF754FF52
:105AD00001E0FFF7E5FE204670BD0000880242426B
:105AE0000000424270B504461448006820F440406B
:105AF000124908600846006840F4804008600020B1
:105B00000F490860002516E0E0090D49091D0860ED
:105B10006006040E0120FBF74BFA01200949C1F889
:105B20009802FBF745FA0020054908600120FBF7C1
:105B30003FFA681CC5B2082DE6DB70BD00040240C8
:105B4000988240420080404270B50446002514E02F
:105B5000E0090D4908600220FBF72AFA01200B49F1
:105B6000C1F888020220FBF723FA00200649091F2A
:105B700008606006040E681CC5B2082DE8DB012031
:105B80000149086070BD00008C02424200004242A0
:105B900010B51648006820F44040144908600846D3
:105BA000006840F4804008600120114908601148F5
:105BB000D0F81C0208B9002010BD01200C49091FB3
:105BC0000860FBF7F5F900200A49C1F89C02084873
:105BD0008038006808B10020EEE70120FBF7E8F903
:105BE00000200349091F08600120E5E70004024086
:105BF0009C8240420080404210B501200A49086062
:105C00000A49C1F888020220FBF7D2F900200649B0
:105C100008600220FBF7CCF900200449C1F8880293
:105C20000220FBF7C5F910BD8C024242000042423F
:105C300010B50E48006820F440400C490860084642
:105C4000006840F480400860002009490860094964
:105C5000C1F89C020120FBF7ABF901200449086060
:105C60000449C1F89C02FBF7A3F910BD00040240EF
:105C7000988240420080404210B5002009490860E7
:105C80000220FBF795F901200749C1F8880202209C
:105C9000FBF78EF90120034908600220FBF788F921
:105CA00010BD00008C0242420000424210B50024A8
:105CB0001448006820F44040124908600846006813
:105CC0000860012010490860FBF772F901200F49B4
:105CD000C1F89802FBF76CF90AE0601CC4B2322CE0
:105CE00003DDFFF7A5FF002010BD0120FBF760F9E1
:105CF0000548803800680028EFD10349091F086073
:105D00000120F1E7000402409C82404200804042B2
:105D100010B500240120114908600220FBF748F962
:105D200001200F49C1F888020220FBF741F907E082
:105D3000601CC4B2FA2C03DDFFF79EFF012010BDEA
:105D40000648803800680028F2D10449091F08601D
:105D50000220FBF72DF90020F1E700008C024242FF
:105D6000000042422DE9F04105460E46174698468E
:105D7000FFF70EFF10B90120BDE8F0816906080E9B
:105D8000FFF7B0FEFFF792FF18B9FFF751FF0120B0
:105D9000F2E73046FFF7A6FEFFF788FF00240BE08E
:105DA00018F80400FFF79EFEFFF780FF18B9FFF711
:105DB0003FFF0020E0E7641CBC42F1DBFFF738FF47
:105DC0000020D9E770B504460D461646F2B22B46C0
:105DD00021466A20FFF7EAFD70BD13B5044601AB0A
:105DE000012221466A20FFF7BDFF1CBD83E0FBF7BF
:105DF00009FC00287CD0322006F090FBFBF702FC67
:105E0000002875D0002415E0322006F087FBFBF750
:105E1000F9FB00B910E03C2C0AD101213648FDF70E
:105E2000BFFFC82006F07AFB01213348FDF7B6FF1B
:105E3000601CC4B2C82CE7DB00BF142C0CDA2F485E
:105E40000078062805DA2D480078401C2B49087098
:105E500002E0012029490870C82C49D100210846D8
:105E6000FBF721F92648006806F0AEFD25480068DA
:105E700006F0AAFD01212048FDF792FF40F6B83058
:105E800006F04CFB01211C48FDF788FF0020FBF7C2
:105E900097FC0020FBF7BEFC0020FBF79BFD0020D9
:105EA000FBF7C2FDFBF7EAFD20E0002316A2032169
:105EB0001846FBF79BFE002319A205211846FBF7A5
:105EC00095FE01210C48FDF76BFF0A2006F026FB2A
:105ED00001210948FDF762FF40F2DC5006F01EFB8D
:105EE000FBF7CCFD4FF4FA7006F018FBDDE7FFE797
:105EF000322006F013FB7AE7001002402C0000204D
:105F000004000020100000202020526F626F7420D7
:105F10006861732073746F707065642020000000E6
:105F200020202020506C6561736520526573746178
:105F3000727420202000000010B5034B5A791979A3
:105F4000D878FCF7B9F810BD2C0000202DE9F041FD
:105F50003748C078802801DB012000E0002005469A
:105F600033480079802801DB012000E0002006464C
:105F70002F484079802801DB012000E000200746FF
:105F80002C480078292811DA2A48007800EB4000D4
:105F90004006040E07FB04F3DAB206FB04F3D9B2A1
:105FA00005FB04F3D8B2FCF787F83AE02148007803
:105FB0003D280CDAF02407FB04F3DAB206FB04F305
:105FC000D9B205FB04F3D8B2FCF776F829E01948FA
:105FD00000784F2811DA17480078C0F15000C00649
:105FE000040E07FB04F3DAB206FB04F3D9B205FB97
:105FF00004F3D8B2FCF760F813E00E4800785B2891
:106000000CDA0C2407FB04F3DAB206FB04F3D9B272
:1060100005FB04F3D8B2FCF74FF802E00220054973
:10602000087004480078401C02490870BDE8F081FF
:106030002C0000208800002010B50248FCF7D6F89C
:1060400010BD0000F8DC000810B5284800780328CF
:1060500003DA2748FCF7CAF842E02448007806280B
:1060600005DA002211461046FCF726F838E01F48F2
:1060700000780A2803DA1E48FCF7B8F830E01B481D
:106080000078142805DA002211461046FCF714F8AF
:1060900026E016480078172803DA1648FCF7A6F819
:1060A0001EE0124800781A2805DA00221146104630
:1060B000FCF702F814E00D4800781E2803DA0D48BA
:1060C000FCF794F80CE009480078282805DA00224B
:1060D00011461046FBF7F0FF02E00020034908706C
:1060E00002480078401C0149087010BD890000205A
:1060F00010DD000828DD000810B51648C0781649E4
:106100000870144800794870124840798870114826
:10611000C07848750F4801790F4881750D4841795D
:106120000D48C17501240EE0002004EB44010A4A29
:10613000505404EB44011144487004EB44011144F1
:106140008870601CC4B2072CEEDB0348FCF700F833
:1061500010BD00002C000020F001002010B54348C5
:106160000078082836DA41480078A8B100213F4875
:106170000078401E00EB40003D4A11543B48007837
:10618000401E00EB40001044417038480078401E2B
:1061900000EB4000104481703648C07833490978DC
:1061A00001EB4101324A5054324800792F490978B5
:1061B00001EB4101114448702E4840792B49097880
:1061C00001EB41011144887028480078401C2749A0
:1061D000087047E025480078102840DA2348007806
:1061E000082818D0002121480078C0F1100000EBE9
:1061F00040001F4A11541D480078C0F1100000EB08
:1062000040001044417019480078C0F1100000EBC4
:106210004000104481701748C07814490978C1F1D2
:106220000F0101EB4101124A5054124800790F4905
:106230000978C1F10F0101EB4101114448700D488B
:1062400040790A490978C1F10F0101EB410111447C
:10625000887006480078401C0449087002E000205D
:10626000024908700248FBF773FF10BD8A00002046
:10627000F00100202C0000200DE01E2006F04EF959
:106280000548007810B1FBF7EFF904E00022114651
:106290001046FBF711FFF0E74C00002000BFFEE7BF
:1062A0007047000070B5002100230F22C4781CB392
:1062B000174C246804F4E064C4F5E064C4F30721D7
:1062C000C1F10404E3B20A4144789C40E1B284780D
:1062D000144021430C07210E0E4C057861550478BB
:1062E00004F01F050124AC4005786D11AD0005F1E7
:1062F000E025C5F8004109E0047804F01F050124F9
:10630000AC40054D0678761145F8264070BD00007A
:106310000CED00E000E400E080E100E00249014310
:10632000024A1160704700000000FA050CED00E021
:1063300070B504460D4605F1B001C8B200F00CF886
:10634000102141EA141000F007F804F00F0141F0A9
:10635000010000F001F870BD10B504461021054899
:10636000FDF71CFD204600F0EBF910210148FDF778
:1063700017FD10BD0000024010B50446204600F095
:10638000DFF910BD10B50248FDF74BFF10BD00004E
:10639000943B012029B1064A12680243044B1A605B
:1063A00004E0034A12688243014B1A607047000000
:1063B0003038024029B1064A12680243044B1A6081
:1063C00004E0034A12688243014B1A6070470000E0
:1063D0003438024029B1064A12680243044B1A605D
:1063E00004E0034A12688243014B1A6070470000C0
:1063F0004038024029B1064A12680243044B1A6031
:1064000004E0034A12688243014B1A60704700009F
:106410002038024029B1064A12680243044B1A6030
:1064200004E0034A12688243014B1A60704700007F
:106430004438024029B1064A12680243044B1A60EC
:1064400004E0034A12688243014B1A60704700005F
:1064500024380240F0B50021002200240225002645
:106460000223324F3F6807F00C0121B1042905D007
:10647000082937D105E02E4F076036E02D4F076021
:1064800033E02A4F3F1F3F68C7F38056274F3F1F17
:106490003F6807F03F036EB1264FB7FBF3F7DFF815
:1064A0008CC0ACF1040CDCF800C0CCF3881C07FBFA
:1064B0000CF40CE01E4FB7FBF3F7DFF870C0ACF143
:1064C000040CDCF800C0CCF3881C07FB0CF4174F5D
:1064D0003F1F3F68C7F301477F1C7D00B4FBF5F702
:1064E000076002E0124F076000BF00BF0F4F3F6818
:1064F00007F0F0010909104F7A5C0768D740476040
:106500000A4F3F6807F4E051890A0B4F7A5C4768ED
:10651000D7408760054F3F6807F46041490B064F3D
:106520007A5C4768D740C760F0BD00000838024079
:106530000024F40000127A00AE00002010B5C22141
:106540000B48FDF73DFA01210948FDF729F900BF85
:1065500008490748FDF7E6F90028F9D0002104486A
:10656000FDF71EF903490248FDF700F910BD0000D0
:10657000886002400008002010B51B48FAF7AAFF07
:10658000194840881949088017480088404200B2DD
:1065900048801548808888801548FAF7BBFF144862
:1065A000008814490988084400B211490880084647
:1065B000408810494988084400B20D49488008467F
:1065C00080880C498988084400B2094988800846B7
:1065D00040880649C88006480088404200B20881C9
:1065E00003488088488110BD34000020D00100207D
:1065F0003A0000204000002010B533480088000A0F
:10660000324908703048007848702F484088000AA6
:1066100088702D488078C8702B488088000A0871DF
:106620002948007948712848C088000A887126489E
:106630008079C87124480089000A08722248007ACB
:10664000487221484089000A88721F48807AC872BF
:106650001F480088000A08731D48007848731C48CA
:106660004088000A88731A488078C8731848808860
:10667000000A087416480079487416480088001209
:10668000887414480078C874102214210F48FCF74D
:106690003DFC102214210D48FCF74AFD0B4A06214F
:1066A00040F22110FAF7A8FA084A921D06214FF489
:1066B0009170FAF7A1FA054A0C32082140F2231032
:1066C000FAF79AFA10BD0000D0010020DC0100208A
:1066D000680100203200002000BF06F083FE15494B
:1066E000086026E01421134805F046FF12480078A0
:1066F00098B111480078012802D1FAF719FB0CE093
:106700000D480078022802D1FAF796FA05E00A4807
:106710000078032801D1FAF797FB0848007810B1F8
:10672000FBF7B2FD01E0FCF7CFF8FFF725FFFFF71D
:1067300063FFD7E7540000204F0000204A000020EC
:1067400010B5044600BF02210A4800F036F80028C0
:10675000F9D02146074800F03CF800BF0121054868
:1067600000F02BF80028F9D0024800F02FF8C0B252
:1067700010BD00000030014021B1028842F40052F7
:10678000028004E002884DF6FF731A4002807047D1
:1067900021B1028842F04002028004E002884FF6F4
:1067A000BF731A40028070471AB183880B438380FD
:1067B00002E083888B438380704702460020138960
:1067C0000B400BB1012000E0002070470146888992
:1067D00070478181704710B50022028802F441524F
:1067E0000B884C8823438C882343CC8823430C8913
:1067F00023434C8923438C892343CC8923431A4365
:106800000280838B4FF2FF74234083830B8A0382C1
:1068100010BD00000CB500200190009034480068C5
:1068200040F480303249086000BF3148006800F40D
:10683000003000900198401C0190009818B9019810
:10684000B0F5A04FF1D12A48006800F4003010B133
:106850000120009001E0002000900098012846D11E
:1068600023484030006840F08050214940310860A2
:106870002048006840F440401E4908601C48083029
:1068800000681B49083108600846006840F4004071
:1068900008600846006840F4A05008601648091FC8
:1068A0000860081F006840F08070091F086000BF82
:1068B0000F48006800F000700028F9D040F2057021
:1068C0000E4908600A480830006820F003000849B3
:1068D000083108600846006840F00200086000BF08
:1068E00003480830006800F00C000828F8D10CBDFF
:1068F000003802400070004008544007003C02404D
:106900007FB505460020FAF7A5FB882824D1202072
:10691000FAF7A0FB9A4908702120FAF79BFB9849E7
:1069200048702220FAF796FB954988702320FAF7E1
:1069300091FB9349C8702420FAF78CFB90490871A9
:106940002520FAF787FB8E4948715020FAF782FB21
:1069500040B28C49088030E002208949087000204C
:1069600048708870C870FF20087148710846017827
:106970002020FAF798FB824841782120FAF793FB10
:106980007F4881782220FAF78EFB7D48C17823204A
:10699000FAF789FB7A4801792420FAF784FB7848D2
:1069A00041792520FAF77FFB764801785020FAF7E5
:1069B0007AFB88210020FAF776FB7248B0F90000D4
:1069C000FCF7B8F8002429E002216F48FDF7E6F94A
:1069D0001E2005F0A3FD02216B48FDF7E1F914200C
:1069E00005F09CFD02A8FAF795FD68480088BDF8FF
:1069F0000810084400B26549088008464088BDF880
:106A00000A10084400B26149488008468088BDF8F1
:106A10000C10084400B25D498880641C0A2CD3DB4A
:106A20005A48B0F9000040420A2190FBF1F000B250
:106A3000564908800846B0F9020040420A2190FBFE
:106A4000F1F000B2514948800846B0F904004042D4
:106A50000A2190FBF1F000B24C49888000221146D7
:106A60001046FBF729FB02214748FDF797F9012162
:106A70004548FDF795F901214548FDF791F9642056
:106A8000FAF78CFA01214248FDF788F9FAF7F6FF88
:106A9000002340A219461846FBF7A8F8002343A29A
:106AA00001211846FBF7A2F8002346A2022118464E
:106AB000FBF79CF8002349A202211E20FBF796F861
:106AC000002348A203211846FBF790F8002337A2C1
:106AD00004211846FBF78AF8002334A20521184642
:106AE000FBF784F8002345A206211846FBF77EF841
:106AF000002348A207211846FBF778F800234BA291
:106B000019464E20FBF772F805F0EEFB48480321CA
:106B100000234FF48072CDE9001046A1484806F0EA
:106B200021FC4848042100238022CDE9001046A121
:106B3000484806F017FC4848052100238022CDE98B
:106B4000001046A1484806F00DFC484806210023E5
:106B50008022CDE9001046A1484806F003FC4848D1
:106B60000A2100238022CDE9001046A1484806F002
:106B7000F9FB4848006805F069FD05F0DFFB7FBDC3
:106B80002C000020520000200004024040000020A1
:106B9000001002402020202A205441524B424F54E2
:106BA000204D4543202A2020200000002D2D2D2D92
:106BB0002D2D2D2D2D2D2D2D2D2D2D2D2D2D2D2D05
:106BC0002D000000205665723A56302E3030204D90
:106BD0006F643A524F5320202000000056332E3667
:106BE0003100000020566F6C3A31322E3256204769
:106BF000797A3A303030303020000000204D544156
:106C00003A30302E3030204D54423A2D302E303034
:106C100020000000204D54433A30302E3030204DBB
:106C200054443A2D302E3030200000004D454300B2
:106C300004000020526F626F745F5461736B000038
:106C4000D9660008080000204B65795F5461736BBA
:106C500000000000ED5D00080C0000204C69676832
:106C6000745F5461736B00007962000810000020AB
:106C7000446973705F5461736B000000553A0008FB
:106C8000140000205472697669615F5461736B006F
:106C90009574000800000020042808D14FF0E0217E
:106CA000096941F004014FF0E022116107E04FF063
:106CB000E021096921F004014FF0E02211617047E1
:106CC00010B506F07FFB012801D005F0DBFF10BDF9
:106CD00010B51548006840F4700013490860134867
:106CE000006840F001001149086000200F49083198
:106CF00008600E4800680E4908400C4908600D48BD
:106D0000091D0860081F006820F48020091F086022
:106D1000002006490C310860FFF77CFD4FF0006051
:106D200001498039086010BD88ED00E0003802405C
:106D3000FFFFF6FE10300024F0B50C46154600218A
:106D40000022068C4FF6FE773E400684018B028CB3
:106D50004FF60C7631407E1C06EA03162E43314373
:106D60004FF6F576324044F0010632430183028447
:106D7000F0BDF0B50C461546002100220026078C18
:106D80004FF6EF7C07EA0C070784018B028C4FF665
:106D9000FF7707EA041640F6FF4739404FF6FF77C2
:106DA00007EA033739434FF6FF7707EA05273943E8
:106DB0004FF65F773A4046F010073A43018302846A
:106DC000F0BDF0B50C461546002100220026078CC8
:106DD0004FF6FF6C07EA0C070784818B028C4FF695
:106DE000FF7707EA04264FF60C7739404FF6FF7716
:106DF00007EA03172F4339434FF2FF573A4046F44F
:106E000080773A4381830284F0BDF0B50C46154685
:106E1000002100220026078C4EF6FF7C07EA0C07B3
:106E20000784818B028C4FF6FF7707EA043640F621
:106E3000FF4739404FF6FF7707EA052739434FF6FA
:106E4000FF7707EA0337394345F6FF773A4046F4C0
:106E500080573A4381830284F0BD21B1028842F019
:106E60008002028004E002884FF67F731A4002809D
:106E7000704721B1028842F00102028004E00288DA
:106E80004FF6FE731A400280704731B1B0F84420CB
:106E900042F40042A0F8442005E0B0F84420C2F3D8
:106EA0000E02A0F84420704710B5044655488442AD
:106EB00008D101210846FFF7BDFA00210120FFF7A4
:106EC000B9FA9DE0B4F1804F08D101210846FFF7DF
:106ED00091FA00210120FFF78DFA91E04A4884429F
:106EE00008D101210220FFF785FA00210220FFF7D7
:106EF00081FA85E04548844208D101210420FFF74A
:106F000079FA00210420FFF775FA79E040488442BD
:106F100008D101210820FFF76DFA00210820FFF7B2
:106F200069FA6DE03B48844208D101211020FFF747
:106F300061FA00211020FFF75DFA61E036488442D3
:106F400008D101212020FFF755FA00212020FFF76A
:106F500051FA55E03148844208D101210220FFF75F
:106F600069FA00210220FFF765FA49E02C488442C3
:106F700009D101210804FFF75DFA00214FF48030A8
:106F8000FFF758FA3CE02748844209D10121480420
:106F9000FFF750FA00214FF40030FFF74BFA2FE0D3
:106FA0002148844209D101218804FFF743FA0021D6
:106FB0004FF48020FFF73EFA22E01C48844208D1BB
:106FC00001214020FFF716FA00214020FFF712FAB6
:106FD00016E01748844208D101218020FFF70AFA01
:106FE00000218020FFF706FA0AE01248844207D108
:106FF00001218015FFF7FEF90021A015FFF7FAF92E
:1070000010BD0000000001400004004000080040E6
:10701000000C00400010004000140040000401403B
:107020000040014000440140004801400018004079
:10703000001C004000200040F0B50C4615461E46DE
:107040000021002200230189028B038C4FF6F87780
:10705000394021434FF6FC473A4040F201173A438A
:107060004FF6DD773B404FF6FF7707EA06172F43D1
:107070003B43018102830384F0BD70B505460C4695
:10708000208850B92389A28861882846FFF754FEDA
:10709000E188284600F085F925E0208804280AD1F7
:1070A0002389A28861882846FFF763FEE188284685
:1070B00000F080F917E0208808280AD12389A288E7
:1070C00061882846FFF77DFEE188284600F07FF9B9
:1070D00009E02389A28861882846FFF796FEE188A7
:1070E000284600F07DF970BD00210180418001211A
:1070F00081800021C18001817047000070B50024AB
:1071000000220023058C4FF6FE7635400584028C64
:107110008388048B4FF68F752C40B51E2C400D884C
:107120002C43751E2A408D892A434D882A43104DD1
:10713000A84202D00F4DA84213D14FF6F7752A404E
:10714000CD892A434FF6FB752A408D882A434FF696
:10715000FF652B404FF6FF552B400D8A2B434D8A80
:107160002B43838004838D684563028470BD0000D7
:1071700000000140000401400A460021018B4FF647
:10718000F7731940114301837047000070B5002464
:1071900000220023058C4FF6EF7635400584028CE3
:1071A0008388048B48F6FF752C404FF6FF452C4032
:1071B0000D884FF6FF7606EA05252C434FF6DF755E
:1071C0002A408D8906EA05152A434D8806EA0515E9
:1071D0002A43154DA84202D0144DA8421DD14FF6A6
:1071E0007F752A40CD894FF6FF7606EA05152A43BA
:1071F0004FF6BF752A408D8806EA05152A434FF6DB
:10720000FF352B404FF2FF752B400D8A06EA8505AE
:107210002B434D8A06EA85052B43838004838D68C2
:107220008563028470BD000000000140000401403D
:107230000A460021018B4FF2FF7319404FF6FF738E
:1072400003EA0223194301837047000070B500244C
:1072500000220023058C4FF6FF6635400584028C22
:107260008388848B4FF68F752C404FF6FC752C402D
:107270000D882C434FF6FF552A408D894FF6FF7637
:1072800006EA05252A434D8806EA05252A43154DB9
:10729000A84202D0144DA8421DD14FF2FF752A40DA
:1072A000CD894FF6FF7606EA05252A434FF6FF35CE
:1072B0002A408D8806EA05252A434EF6FF752B40A5
:1072C0004DF6FF752B400D8A06EA05152B434D8AB6
:1072D00006EA05152B43838084838D68C563028489
:1072E00070BD000000000140000401400A4600217A
:1072F000818B4FF6F773194011438183704700006B
:1073000070B5002200230024058C4EF6FF76354030
:107310000584038C8488828B48F6FF752A404FF6DB
:10732000FF452A400D884FF6FF7606EA05252A43D9
:107330004DF6FF752B408D8906EA05352B434D88A8
:1073400006EA05352B430A4DA84202D0094DA84252
:1073500008D14BF6FF752C400D8A4FF6FF7606EAF2
:1073600085152C43848082838D680564038470BDF9
:1073700000000140000401400A460021818B4FF2C9
:10738000FF7319404FF6FF7303EA02231943818309
:1073900070474163704781637047C1637047016400
:1073A0007047028B4FF6F3731A400283028B0A4335
:1073B00002837047028B4FF2FF331A400283028B25
:1073C0004FF6FF7303EA01231A4302837047828B4F
:1073D0004FF6F3731A408283828B0A43828370478D
:1073E000828B4FF2FF331A408283828B4FF6FF73FA
:1073F00003EA01231A4382837047000000220288B7
:10740000184B98420ED0184B98420BD0B0F1804FD9
:1074100008D0164B984205D0154B984202D0154B18
:10742000984204D14FF68F731A404B881A43124B7F
:10743000984207D0114B984204D04FF6FF431A40B0
:107440000B891A4302804B68C3620B880385054B86
:10745000984202D0044B984201D18B7A03860123D3
:107460008382704700000140000401400004004096
:1074700000080040000C00400010004000140040D4
:107480004FF0FF3141600021018001814180817214
:107490007047000056E1FBF793FEAB4908800846B1
:1074A000008840F25F41884269DA0121A748FCF771
:1074B0006CFCC0F10100C5B22A460121A348FCF7CB
:1074C00071FCA148008840F23E4188425BDA01210C
:1074D0009E48FCF763FC9C48008840F21A418842B1
:1074E00049DA9B480088401C994908800846008872
:1074F0000A2848DD02219548FCF752FC01219348F7
:10750000FCF74CFC9348006805F05EFA924800686E
:1075100005F05AFA0020FAF753F90020FAF77AF941
:107520000020FAF757FA0020FAF77EFAFAF7A6FADF
:1075300020E0002389A203211846FAF757FB002315
:107540008CA205211846FAF751FB01218F48FCF760
:1075500027FC1E2004F0E2FF01218C48FCF71EFCF2
:107560004FF47A7004F0DAFFFAF788FA4FF47A7081
:1075700004F0D4FFDDE700207549088003E0012115
:107580007248FCF70DFC824890F90000002868DD85
:10759000002080490880488088806E48006805F097
:1075A00013FA01217948FCF7FBFB322004F0B6FF07
:1075B00001217648FCF7F2FB4FF47A7004F0AEFF3D
:1075C00001216248FCF7EAFB00241FE0142004F0CC
:1075D000A5FF7148F9F79EFF6E4800886E4909883B
:1075E000084400B26B490880084640886A494988C7
:1075F000084400B2674948800846808866498988FF
:10760000084400B263498880601CC4B20A2CDDDBE8
:107610006048B0F9000040420A2190FBF1F000B24E
:107620005C4908800846B0F9020040420A2190FBFC
:10763000F1F000B2574948800846B0F904004042D2
:107640000A2190FBF1F000B25249888001213F48A5
:10765000FCF7A6FB3F48006805F00CF900204C49F8
:1076600008704E480078002837DD3A48006805F079
:10767000ABF94B4801782020F9F715FD48484178CF
:107680002120F9F710FD464881782220F9F70BFDFB
:107690004348C1782320F9F706FD414801792420A9
:1076A000F9F701FD3E4841792520F9F7FCFC01215D
:1076B0003648FCF775FBC82004F030FF0121334841
:1076C000FCF76CFB4FF47A7004F028FF2148006847
:1076D00005F0D0F80020314908703248007808B32E
:1076E0003048007801280ED101212848FCF758FBCA
:1076F000C82004F013FF01212448FCF74FFB0020B1
:10770000284908700EE001212048FCF749FB4FF49E
:107710007A7004F003FF01211C48FCF73FFB0020B6
:107720002049087002210948FCF72FFBC0F1010035
:10773000C5B22A4602210548FCF734FB4FF4FA7023
:1077400004F0ECFEA7E60000320000200004024036
:1077500058000020040000201000002020202020DD
:10776000204C6F7720706F776572202020202020BA
:10777000000000002020526F626F74206861732047
:1077800073746F7070656420000000000010024088
:107790004B000020400000205A0000204D00002037
:1077A0002C0000204E00002010B540F225515F480B
:1077B00000F01CFB00287DD05C4800F0D1FBC4B277
:1077C0005B480078032823DA5948007838B9AA2C96
:1077D00004D1584804700120554908709FE054486E
:1077E000007801280BD1552C05D152484470022055
:1077F0004F49087093E000204D4908708FE04D48D4
:10780000847003204A490870601E4B49087086E066
:1078100048488078401E4649097888420EDD454830
:1078200043490978445442480078401C4049087054
:107830004148007820444049087070E000203C49ED
:1078400008703D480078844269D100203B490870A7
:107850003848C07850281BD13648407935490979D5
:1078600040EA012000B23649C8803248C079314927
:10787000897940EA012000B2314908812D48407AD7
:107880002C49097A40EA012000B22D49488146E09E
:107890002848C078512804D12648007940B22949A7
:1078A00008702448C078522814D12248007926490B
:1078B000087000E039E01F48407948701D48807921
:1078C00088701C48C079C8701A48007A0871194835
:1078D000407A48711748C078532802D101201B49CB
:1078E00008701448C07854280BD11248007920B190
:1078F00001211748FCF754FA03E001211448FCF772
:107900004DFA0C48C0785A2809D10A480079012854
:1079100002D11049087002E002200E4908700122CD
:1079200040F22551014800F08BFA10BD004C004098
:107930009D000020180300209E0000204F00002022
:10794000680100204B0000202C0000204D0000208A
:10795000001002404E00002010B540F22551304882
:1079600000F044FA00285AD02D4800F0F9FAC4B2C9
:107970002C48007858B90F2C4BD12B48294909784D
:10798000445428480078401C2649087041E02548A6
:107990000078182834DB94BB01202449087024485F
:1079A0000078032827D02048C07880111E49097923
:1079B00040EA81001C49497940EA8120C0F30A006D
:1079C0001C4908801848807A40111749C97A40EA52
:1079D000C100184948800846008840F2DC518842BE
:1079E00009DD14484088884205DD032010490870ED
:1079F00001201149087000200A49087009E0FFE7DA
:107A0000094808490978445406480078401C05494B
:107A10000870012240F22551014800F011FA10BD12
:107A200000500040A100002054040020A0000020CD
:107A30004F000020A20000204E00002010B540F2B0
:107A400025512C4800F0D2F9002851D0294800F0E7
:107A500087FAC4B228480078032823DA2648007839
:107A600038B9AA2C3ED1254804700120224908705B
:107A700038E02148007801280BD1552C05D11F484A
:107A8000447002201C4908702CE000201A4908703C
:107A900028E01A488470032017490870601E1849AE
:107AA00008701FE015488078401E13490978884205
:107AB0000EDD12481049097844540F480078401CE4
:107AC0000D4908700E48007820440D49087009E0FF
:107AD0000020094908700A480078844202D1012038
:107AE00008490870012240F22551024800F0A8F927
:107AF00010BD000000100140960000202802002068
:107B0000970000209500002010B540F225515F48F5
:107B100000F06CF900287DD05C4800F021FAC4B276
:107B20005B480078032823DA5948007838B9AA2C32
:107B300004D1584804700120554908709FE054480A
:107B4000007801280BD1552C05D1524844700220F1
:107B50004F49087093E000204D4908708FE04D4870
:107B6000847003204A490870601E4B49087086E003
:107B700048488078401E4649097888420EDD4548CD
:107B800043490978445442480078401C40490870F1
:107B90004148007820444049087070E000203C498A
:107BA00008703D480078844269D100203B49087044
:107BB0003848C07850281BD1364840793549097972
:107BC00040EA012000B23649C8803248C0793149C4
:107BD000897940EA012000B2314908812D48407A74
:107BE0002C49097A40EA012000B22D49488146E03B
:107BF0002848C078512804D12648007940B2294944
:107C000008702448C078522814D1224800792649A7
:107C1000087000E039E01F48407948701D488079BD
:107C200088701C48C079C8701A48007A08711948D1
:107C3000407A48711748C078532802D101201B4967
:107C400008701448C07854280BD11248007920B12C
:107C500001211748FCF7A4F803E001211448FCF7C0
:107C60009DF80C48C0785A2809D10A4800790128A3
:107C700002D11049087002E002200E49087001226A
:107C800040F22551014800F0DBF810BD00440040EF
:107C90009800002078020020990000204F0000206A
:107CA000680100204B0000202C0000204D00002027
:107CB000001002404E00002010B540F2255133481C
:107CC00000F094F800285FD0304800F049F9C4B2C1
:107CD0002F480078032823DA2D48007838B9AA2CD9
:107CE0004CD12C48047001202949087046E02848EE
:107CF000007801280BD1552C05D12648447002206C
:107D0000234908703AE000202149087036E02148F4
:107D1000847003201E490870601E1F4908702DE002
:107D20001C488078401E1A49097888420EDD19489F
:107D300017490978445416480078401C14490870C3
:107D40001548007820441449087017E000201049B5
:107D5000087011480078844210D101200F49087042
:107D60000C48C078302809D10A480079552805D137
:107D700002200B49087001200A490870012240F2D4
:107D80002551024800F05CF810BD0000004800409A
:107D90009B000020C80200209C0000209A000020C8
:107DA0004F0000204E00002001F40072B2F5007F69
:107DB00000D100BFCA430280704721B1828942F4DA
:107DC0000052828104E082894DF6FF731A4082815D
:107DD000704702460020B1F5007F00D100BF138834
:107DE0000B400BB1012000E00020704770B5024647
:107DF000002400230025002040F66A16B14200D17D
:107E000000BFC1F3421501F01F03012606FA03F378
:107E1000012D02D19689334006E0022D02D1168A47
:107E2000334001E0968A33400C12012606FA04F42E
:107E30001688344013B10CB1012000E0002070BD61
:107E4000F0B50346002400260025002040F66A17FE
:107E5000B94200D100BF1846C1F3421401F01F0619
:107E6000012707FA06F5012C01D10C3004E0022CA1
:107E700001D1103000E014301AB107682F430760B9
:107E800002E00768AF430760F0BD00002DE9FF473F
:107E900005460E460024A14600BFA046B08900B1A9
:107EA00000BF2C8A24F44054F08804432C82AC890F
:107EB00041F20C608443B0883189084371890843DA
:107EC0000443AC81AC8A24F44074B0890443AC828E
:107ED0006846FEF7BFFA2048854202D01F48854217
:107EE00002D1DDF80C9001E0DDF80890A88900F4DB
:107EF000004040B109EBC90000EB091031684900AE
:107F0000B0FBF1F707E009EBC90000EB091031689D
:107F10008900B0FBF1F76420B7FBF0F00401200901
:107F2000642101FB1078A88900F4004040B13220A0
:107F300000EBC800B0FBF1F000F00700044308E0DC
:107F4000322000EB08106421B0FBF1F000F00F00CC
:107F500004432C81BDE8FF8700100140001401405C
:107F600001468888C0F308007047C1F30802828088
:107F7000704770B506460D46304600F010F90446CD
:107F80004FF6FF70844207D045F4004104F00F0221
:107F900006F6881040F82210E0B270BD70B50446B5
:107FA0000D462946204601F0FEF9002070BD70B54F
:107FB00004460D46A078012807D102212174012131
:107FC000617400216182A582E1820022114620466F
:107FD00000F016F870BD2DE9FF4107460C46154626
:107FE0001E460020012103460A468DE83200039018
:107FF0003146384601F025FB002004B0BDE8F08191
:108000002DE9F04104460E4617460125A0780128C7
:1080100002D002282FD112E0A660A781012121768B
:108020000220A07001250320C4F8E40900231A46A9
:1080300004F6E411D4F8DC0903F02AFB1CE0204626
:1080400000F00FFD05460DB1032D04D10120A070F5
:108050000021217603E0022D01D10120A070032030
:10806000C4F8E40900231A4604F6E411D4F8DC0944
:1080700003F00EFB00E000BF00BF2846BDE8F08122
:108080002DE9FF4104460D4617461E46DDF82880BF
:1080900094F81D0908B14FF00008012000231A468A
:1080A00031468DE8A101204601F0CBFA002004B052
:1080B000BDE8F0817FB506460C4615460020082134
:1080C000CDE9000403460246CDE9021029463046B8
:1080D00001F0B7FA002004B070BD10B50446A0B29C
:1080E000F8F75CFF10BDF0B506460C4615460022B9
:1080F000002106F638171AE002EB820000EBC20CF2
:1081000007F10A0000EB4C014879A04201D0FF2C96
:108110000BD18879A84201D0FF2D06D1C8799842A9
:1081200001D0FF2B01D11046F0BD501CC2B2022A73
:10813000E2D3FF20F8E70246102909D202F68810A0
:1081400030F82100C0F30E0302F6881040F8213009
:10815000002070472DE9F04104460E4615461F46A3
:10816000DDF81880A078012812D146F08001217432
:1081700006216174658205F47F40B0F5407F03D12C
:1081800040F20941A18201E00021A182A4F81680F9
:10819000424639462046FFF733FFBDE8F0810246EC
:1081A000002100BF0AE002F6881030F8210000F438
:1081B000004008B908467047481CC1B21029F2D3E4
:1081C0004FF6FF70F7E710B502460B88147823448A
:1081D0000B801378981810BDF8B506460C4606F1CA
:1081E0001C07B4F5807F03D900BF00BF0320F8BD92
:1081F0003B464FF40072002130460094FFF7AAFF7F
:1082000005462DB922463946304601F04FFA05465B
:108210002846ECE7F8B505460C46B4F5006F03D9DF
:1082200000BF00BF0320F8BD05F58E734FF48072C8
:10823000002128460094FFF78DFF064636B92246F6
:1082400005F58E71284601F0DDFA06463046EAE76C
:108250002DE9F8430546884616461C46B4F5006FDE
:1082600000D826B900BF00BF0320BDE8F88348F45A
:10827000407205F58E73002128460094FFF76AFFCF
:1082800007462FB92246314605F58E7001F0BFFB37
:108290003846EAE70146002031B1012906D002291B
:1082A00006D0032908D105E0002007E0022005E000
:1082B000012003E0022001E0022000BF00BF704760
:1082C0002DE9F041064601270125D6F88009C46949
:1082D0006079062841D2DFE800F003410D041C2B31
:1082E00000BF06F11C0104F1260000F093FA022001
:1082F000607134E0E18D304600F0D6F8054615B9DE
:108300000420607104E0032D02D100BF00BF0027EC
:1083100025E000221146304600F079FB054615B9EC
:108320000520607103E0032D01D10520607116E086
:108330000021304600F07FFB054645B90120607101
:1083400002213046D6F8D8299047002704E0032DB3
:1083500002D100BF00BF002701E000BF00BF00BF87
:108360003846BDE8F08110B50446204600F062F8BA
:1083700010BD00238380C380837202810160704737
:1083800070B503460C462546987AF0B901209872DC
:10839000002118E0D8889E88B0420ED0DE88186888
:1083A000805D05F8010BD888401CD880D8881E89CC
:1083B000B04206D10020D88003E000209872084621
:1083C00070BD481C81B29142E4DB002098721046D7
:1083D000F6E7F0B503460C462546987A28BB0120FF
:1083E000987200211FE09888401CDE88B04206D0B9
:1083F0009888401C1E89B04205D1D88818B9002041
:1084000098720846F0BD15F8010B9F881E68F0555C
:108410009888401C988098881E89B04201D100201D
:108420009880481C81B29142DDDB00209872104692
:10843000E8E7000070B50546D5F88009C469208BCF
:1084400008B1A06808B9022070BD228B084904F168
:108450000800FFF795FF218B884206D1227E044950
:108460002846FBF7EDFB0020EEE70220ECE70000DA
:108470003C40012070B50546D5F88009C469208BC1
:10848000802801D980202083064860614FF4A062D3
:1084900005F58E7104F10800FFF76BFFFBF7FEFB9B
:1084A000002070BD3C400120F8B505460C46B4F5EF
:1084B000006F03D900BF00BF0320F8BD05F58E7320
:1084C0004FF40852012128460094FFF743FE064668
:1084D0003046F2E72DE9F04104460D4616461F46A8
:1084E000DDF81880A12121740121617446EA05217B
:1084F00061820021A182A4F81680424639462046B6
:10850000FFF77EFDBDE8F08170B50546D5F880091E
:10851000C469607848B161782846FFF73FFD61780B
:108520002846FFF708FE00206070207848B12178C7
:108530002846FFF733FD21782846FFF7FCFD002091
:108540002070D5F88009C06940B1D5F88019C86994
:1085500002F084FF0020D5F88019C861FBF7A4FB66
:10856000002070BD2DE9FE4F0546002700BF8AA000
:1085700002F016FD8FA002F013FD00BFFF231A4684
:1085800019462846FFF7AFFD0646FF2E01D0022E02
:1085900004D300BF00BF0220BDE8FE8F314628464D
:1085A00001F082FD8146B9F1000F01D00220F3E70E
:1085B000342002F0F5FFD5F88019C861D5F880099C
:1085C000C4691CB900BF00BF0220E5E73421204682
:1085D000F7F76DFE0720A070B5F8300940F28E2144
:1085E000884214D1B5F82E0940F25E4188420ED17E
:1085F00000BFB5F82E29B5F830196FA002F0D0FCF5
:108600006CA002F0CDFC00BF764820630DE000BFF7
:10861000B5F82E29B5F8301973A002F0C1FC65A099
:1086200002F0BEFC00BF6F4820630020A0706071A4
:1086300006EB860000EBC60105F6421000EB410098
:10864000007BA07606EB860000EBC60105F6421023
:1086500000EB4100C089208306EB860000EBC601D9
:1086600005F6421000EB4100007CA083A08B0A2895
:1086700001D20A20A08306EB860000EBC60105F6B6
:10868000421000EB41000079022809D806EB860071
:1086900000EBC60105F6421000EB4100007900E056
:1086A00002208246002772E006EB860000EBC6013E
:1086B00005F6421000EB41000A3000EBC70080785D
:1086C00000F0800080B306EB860000EBC60105F6E3
:1086D000421000EB41000A3000EBC70080782071A7
:1086E00021792846FFF745FC607006EB860000EB19
:1086F000C60105F6421000EB41000A3000EBC7004E
:10870000B0F80480032195F81D098DE8030195F860
:108710001C3922796178284600F0B3FF6178002285
:10872000284600F051FF30E0FFE706EB860000EB43
:10873000C60105F6421000EB41000A3000EBC7000D
:108740008078E070E1782846FFF713FC207006EB94
:10875000860000EBC60105F6421000EB41000A302E
:1087600000EBC700B0F80480032195F81D098DE8DF
:10877000030195F81C39E2782178284600F081FF42
:1087800021780022284600F01FFF781CC7B2574509
:108790008ADB002000E70000737461727420666950
:1087A0006E6420696E74657266616365206E6F77B2
:1087B000000000000D0A000047616D6570616420D3
:1087C00064657669636520666F756E642120504923
:1087D000443A253458205649443A253458200D0A45
:1087E000000000007584000847616D6570616420B9
:1087F0006E6F7420737570706F727465642E205084
:1088000049443A253458205649443A253458200DD5
:108810000A000000F8B505460E463446B178F078F7
:1088200041EA0027092F24D9092000901CE069465D
:108830002046FFF7C8FC04466078212814D1207830
:10884000287060786870A178E07841EA002068803C
:108850002079287160796871A079A871E179207A0E
:1088600041EA0020288103E0BDF80000B842DEDBC9
:1088700000BFF8BDF8B505460026D5F88009C469E3
:10888000A07807287ED2DFE800F0041DA0A058459C
:1088900067002846216B8847064616B90120A0705C
:1088A00004E000BF00BF0720A07002260220C5F828
:1088B000E40900231A4605F6E411D5F8DC0902F0B4
:1088C000E7FE83E0207E00900022012128466369B4
:1088D000FFF700FE064616B90520A0700EE0012E37
:1088E00003D10120A070002608E0032E03D105204B
:1088F000A070002602E00720A07002260220C5F822
:10890000E40900231A4605F6E411D5F8DC0902F063
:10891000BFFE5BE0D5F8C80900F0010008B10420F3
:10892000A0700220C5F8E40900231A4605F6E411F8
:10893000D5F8DC0902F0ACFE48E06378227E2846D8
:10894000616900F01BFD0620A070D5F8C8092062FF
:10895000002084F8240039E06178284600F09DFD6D
:10896000012824D16178284600F076FD074694F866
:10897000240048BB47B3A06830B3228B04F1080041
:10898000616900E021E0FFF724FD012084F8240064
:108990002846FFF7E8FC0220C5F8E40900231A4640
:1089A00005F6E411D5F8DC0902F072FE0CE06178FE
:1089B000284600F072FD052806D1A17E2846FFF763
:1089C000F6FA08B90420A07000E000BF00BF3046EE
:1089D000F8BD70B50446D4F88009C569A8780628A2
:1089E00013D1D4F8C809296A401AA98B88420CD33C
:1089F0000420A8700220C4F8E40900231A4604F6F3
:108A0000E411D4F8DC0902F043FE002070BD70B51B
:108A100004460D461646212121740A21617446EA56
:108A2000052161820021A182E182002211462046B7
:108A3000FFF7E6FA70BD70B504460D46212121749A
:108A40000B21617415B10021618201E00121618275
:108A50000021A182E182002211462046FFF7D0FAD0
:108A600070BDF8B5044601270025207E0C2878D279
:108A7000DFE800F077060F48548896DDE9FDFCFB3F
:108A8000627904F110012046FFF714FB02212176E0
:108A900077E16179204600F000FD0546012D1FD1E8
:108AA000207C00F08006E08A38B1802E02D10321BC
:108AB000217609E00521217606E0802E02D10921E8
:108AC000217601E0072121760320C4F8E409002380
:108AD0001A4604F6E411D4F8DC0902F0D9FD10E0DE
:108AE000042D01D0022D0CD10B2121760320C4F8D6
:108AF000E40900231A4604F6E411D4F8DC0902F074
:108B0000C7FD3EE1D4F8C809E0812379A289204657
:108B1000A168FFF760FA0421217632E1217920462D
:108B200000F0BBFC0546012D0CD109212176032064
:108B3000C4F8E40900231A4604F6E411D4F8DC0969
:108B400002F0A6FD052D0DD103270320C4F8E4098A
:108B500000231A4604F6E411D4F8DC0902F098FD6B
:108B60000FE00DE1042D0CD10B2121760320C4F878
:108B7000E40900231A4604F6E411D4F8DC0902F0F3
:108B800087FDFEE0012000906379A2892046A1685C
:108B9000FFF776FAD4F8C809E08106212176F0E0E3
:108BA0006179204600F079FC0546012D0DD10721A1
:108BB00021760320C4F8E40900231A4604F6E411E0
:108BC000D4F8DC0902F064FD30E0052D0ED10C2153
:108BD000217603270320C4F8E40900231A4604F68B
:108BE000E411D4F8DC0902F053FD1FE0022D0DD191
:108BF000052121760320C4F8E40900231A4604F66F
:108C0000E411D4F8DC0902F043FD0FE0042D0DD18E
:108C10000B21217602270320C4F8E40900231A4619
:108C200004F6E411D4F8DC0902F032FDA9E023795E
:108C3000002211462046FFF7CEF9D4F8C809E0819A
:108C4000082121769DE02179204600F026FC05468A
:108C5000012D12D10D21217600270320C4F8E4094B
:108C600000231A4604F6E41102E069E032E023E052
:108C7000D4F8DC0902F00CFD1DE0042D0DD10B2110
:108C800021760320C4F8E40900231A4604F6E4110F
:108C9000D4F8DC0902F0FCFC0DE0052D0BD1032714
:108CA0000320C4F8E40900231A4604F6E411D4F8BA
:108CB000DC0902F0EDFC64E0012000906379002201
:108CC00011462046FFF7DCF9D4F8C809E0810A21F3
:108CD000217656E06179204600F0DFFB0546012D44
:108CE0000ED100270D2121760320C4F8E4090023CA
:108CF0001A4604F6E411D4F8DC0902F0C9FC1EE0BF
:108D0000022D0DD1092121760320C4F8E4090023A6
:108D10001A4604F6E411D4F8DC0902F0B9FC0EE0BE
:108D2000042D0CD10B2121760320C4F8E409002383
:108D30001A4604F6E411D4F8DC0902F0A9FC20E09C
:108D4000607E401CC1B26176022904D801212176DF
:108D50000120A07013E006212046D4F8D8299047BE
:108D60000021617600BF00BF61792046FFF7E3F97B
:108D700021792046FFF7DFF900202070022700E06C
:108D800000BF00BF3846F8BDFEB5044601260125E8
:108D90006078082873D2DFE800F00476A3E8F4F3E3
:108DA000F2F140212046FFF735FA054605BB94F85D
:108DB0002D19A17101206070A079002294F81D196D
:108DC000CDE90012029094F81C39217980222046C6
:108DD00000F057FCA079002294F81D19CDE900128B
:108DE000029094F81C396179204600F04AFC49E071
:108DF000032D20D100BF00BF94F81E09401C84F849
:108E00001E0994F81E0903280AD900BFEDA002F03C
:108E1000C7F8FCA002F0C4F800BF0D20207031E0BC
:108E200061792046FFF787F921792046FFF783F91A
:108E30000020207026E0F4480068401CF2490860D9
:108E4000B0F5FA7F1ED300BF00BF00BF00BF00BF58
:108E5000BFF34F8F00BF00BF00BFEC48006800F4B5
:108E6000E060EB490843001DE849086000BF00BF0F
:108E700000BFBFF34F8F00BF00BF00BF01E01FE284
:108E800000BFFDE71DE212212046FFF7C3F90546AA
:108E900015B90220607022E0032D20D100BF00BF71
:108EA00094F81E09401C84F81E0994F81E09032832
:108EB0000AD900BFC3A002F073F8D2A002F070F884
:108EC00000BF0D2020700AE061792046FFF733F9DA
:108ED00021792046FFF72FF9002060702070F0E123
:108EE0000121204601F056F905466DBB0220FFF72F
:108EF000F4F8012184F81C1900BF94F81C19C5A0CE
:108F000002F04EF8BFA002F04BF800BF03206070E3
:108F1000A079002294F81D19CDE90012029094F86E
:108F20001C3921798022204600F0ABFBA079002279
:108F300094F81D19CDE90012029094F81C3961795A
:108F4000204600F09EFB0FE0032D0DD100BF00BFB7
:108F500000BF9CA002F024F8AAA002F021F800BFF4
:108F60000D20207000206070ABE109212046FFF742
:108F700033F9054635B90420607026E0FCE0B2E024
:108F800052E023E0032D20D100BF00BF94F81E095A
:108F9000401C84F81E0994F81E0903280AD900BF52
:108FA00088A001F0FDFF97A001F0FAFF00BF0D209F
:108FB00020700AE061792046FFF7BDF8217920464C
:108FC000FFF7B9F80020607020707AE1B4F83A1920
:108FD0002046FFF701F9054615B90520607022E02B
:108FE000032D20D100BF00BF94F81E09401C84F857
:108FF0001E0994F81E0903280AD900BF71A001F0C8
:10900000CFFF80A001F0CCFF00BF0D2020700AE050
:1090100061792046FFF78FF821792046FFF78BF81A
:109020000020607020704CE194F83409002844D08E
:1090300094F83419FF2304F58E722046FFF708F9DF
:10904000054615BB00BF04F58E7178A001F0A8FF9E
:109050006CA001F0A5FF00BF04F58E70F7F732F9A0
:1090600007463A4604F58E717548F7F707F906206A
:1090700060700520C4F8E40900231A4604F6E411E0
:10908000D4F8DC0902F004FB2CE0032D2AD100BF48
:109090006CA001F085FF5BA001F082FF00BF0620FD
:1090A00060700520C4F8E40900231A4604F6E411B0
:1090B000D4F8DC0902F0ECFA14E000BF61A001F082
:1090C0006FFF50A001F06CFF00BF0620607005200C
:1090D000C4F8E40900231A4604F6E411D4F8DC09C4
:1090E00002F0D6FAEDE094F8350970B394F835192A
:1090F000FF2304F58E722046FFF7AAF8054665B9EE
:1091000000BF04F58E7154A001F04AFF3DA001F0AC
:1091100047FF00BF072060702DE0032D2BD100BF5B
:1091200051A001F03DFF37A001F03AFF00BF07203A
:1091300060700520C4F8E40900231A4604F6E4111F
:10914000D4F8DC0902F0A4FA15E0FFE700BF46A05E
:1091500001F026FF2BA001F023FF00BF0720607065
:109160000520C4F8E40900231A4604F6E411D4F8F3
:10917000DC0902F08DFAA4E094F8360900B394F803
:109180003619FF2304F58E722046FFF761F8054675
:10919000BDB900BF04F58E7137A001F001FF19A021
:1091A00001F0FEFE00BF04F58E70F7F78BF807465E
:1091B0003A4604F58E713548F7F760F800267EE0F0
:1091C00073E065E0436F6E74726F6C206572726F4E
:1091D000722C20446576696365206E6F7420526539
:1091E00073706F6E64696E6720506C656173652083
:1091F000756E706C75672074686520446576696368
:10920000652E00000D0A0000340100200CED00E086
:109210000000FA0541646472657373202823256495
:10922000292061737369676E65642E004D616E75E8
:109230006661637475726572203A202573000000C0
:10924000743F01204D616E7566616374757265725D
:10925000203A204E2F41000050726F6475637420D5
:109260003A2025730000000050726F64756374200B
:109270003A204E2F4100000053657269616C204E08
:10928000756D626572203A2025730000D83F012079
:10929000032D14D100BF0CA001F082FEAFF29C00A0
:1092A00001F07EFE00BF002609E000BF06A001F02D
:1092B00077FEAFF2B00001F073FE00BF002600E0C1
:1092C00000BF00BF3046FEBD53657269616C204E21
:1092D000756D626572203A204E2F410010B504462C
:1092E00020780B2807D1D4F8800920B1D4F8800960
:1092F00081692046884710BD2DE9FC4104460D4692
:10930000174624B900BF00BF0220BDE8FC8184F8E5
:10931000D0790020C4F88009C4F884092046FAF7FF
:1093200051FB002184F8231984F8201984F82119AD
:1093300084F822190DB1C4F8D85900220421102054
:1093400003F0BAFCC4F8DC094FF4806604F51E6033
:10935000182132462346CDE9001004A1064804F046
:1093600001F8204600F0AEF80020CEE75553424801
:109370005F517565756500004FA000082DE9FF413C
:1093800007460C4615461E460020012103230A46C7
:109390008DE8320003903146384600F052F9002043
:1093A00004B0BDE8F0812DE9F04104460D460026E9
:1093B00000272946D4F8D409FAF747FD0646304677
:1093C000FEF768FF07463846BDE8F08110B5044651
:1093D000012184F82019002184F8211984F8221928
:1093E0000120C4F8E40900231A4604F6E411D4F875
:1093F000DC0902F04DF9002010BD10B50446012132
:1094000084F82119002184F8201984F823192046B2
:1094100000F008F921792046FEF78DFE617920469B
:10942000FEF789FE0120C4F8E40900231A4604F679
:10943000E411D4F8DC0902F02BF9002010BD70B55E
:1094400004460D4694F8D009012800D100BFC82079
:10945000F7F7A4FD002070BD70B504460D462946FF
:10946000D4F8D409FAF7E8FC70BD70B504460125BC
:10947000D4F8D409FAF7AFFC20B1012804D00228AF
:1094800006D103E0002505E0012503E0022501E007
:10949000012500BF00BF284670BD70B504460D46CB
:1094A0002946D4F8D409FAF7BDFC70BD10B50446BE
:1094B000D4F8C809401CC4F8C8092046FFF70EFFBD
:1094C00010BD000070B5044694F8D009012820D1E1
:1094D0001148C0F8DC43C4F8D4094FF0A0400E494D
:1094E000086008210C4841710121C171002181717E
:1094F0000221417200218172FAF751FF08B1FAF797
:109500009BFB0548FAF761FC05462946204600F01A
:1095100058F8002070BD0000943B012010B50446AF
:109520000120C4F8E40900231A4604F6E411D4F833
:10953000DC0902F0ADF8002010BD2DE9FF5F044604
:109540000D4616461F46DDE90F9ADDF838804FF0CC
:10955000000B002003908DE800073B463246294669
:10956000D4F8D409FAF78BFC83465846FEF792FEEE
:109570000390039804B0BDE8F09F002280F82329EF
:10958000704710B50446012184F823190120C4F85E
:10959000E40900231A4604F6E411D4F8DC0902F0C9
:1095A00077F810BD70B5044600250026D4F8D4091C
:1095B000FAF77CFF05462846FEF76CFE0646304665
:1095C00070BDC0F8C819704730B50446D4F8D43916
:1095D000C1EB011503F1140000EB8500C07840B128
:1095E000C1EB011503F1140000EB850080F8282081
:1095F00007E0C1EB011503F1140000EB850080F8D2
:109600002920002030BD70B5044600250026D4F87E
:10961000D409FAF758FF05462846FEF73BFE0646F2
:10962000304670BD70B5044600250026D4F8D40934
:10963000FAF764FF05462846FEF72CFE064630463C
:1096400070BD2DE9F04F87B004460D4616461F4603
:10965000DDE912ABDDE910890020069005908DE868
:10966000000F3B4632462946D4F8D409FAF797FC56
:1096700006900698FEF70EFE0590059807B0BDE827
:10968000F08F2DE9FE4F04460D4616461F46DDE9D4
:109690000D9ADDF830803B463246294620468DE85B
:1096A0000007FFF74AFF0020BDE8FE8F2DE9F74FC6
:1096B00082B083460E460BF6381400200190804697
:1096C00081461EB9022005B0BDE8F08F35463078DE
:1096D000207070786070B178F07841EA0020FF283F
:1096E00004DCB178F07841EA002001E04FF48070AA
:1096F00060803079207170796071B079A071F079F3
:10970000E071307A20722078092801D00920207079
:109710000498092874D90920009000275DE0694663
:109720002846FEF750FD05466878042855D128786C
:10973000092801D00920287008EB880000EBC80137
:1097400004F10A0000EB41072946384600F047F9CA
:109750004FF00009CA462FE069462846FEF733FD60
:1097600005466878052827D1787901280DD1B87980
:10977000022802D0B879032807D1F87938B92878B7
:10978000092804D00920287001E00720287008EB80
:10979000880000EBC80104F10A0000EB41000A3028
:1097A00000EBC90A2A465146584600F084F8019059
:1097B00009F1010000F0FF093879484504DD6088AF
:1097C000BDF800108842C7DC3879484501DD032028
:1097D00079E708F1010000F0FF08B8F1020F04D2A8
:1097E0006088BDF80010884299DC2079022801DAEF
:1097F000207900E00220404502DD032063E7FFE717
:10980000019860E770B50346144603F6261200255A
:1098100009B9022070BD08781070487850708E78B1
:10982000C87846EA00205080087910714879507154
:1098300088799071C879D07193F81D0918B193F89F
:109840001D09012811D1D079082806D0102805D08B
:10985000202804D0402804D102E000BF00BF00BF90
:1098600002E00820D07100BF0AE093F81D09022829
:1098700005D1D079082803D00820D07100E0032555
:10988000082C16D90E7A487A46EA002010818E7A82
:10989000C87A46EA002050810E7B487B46EA0020C9
:1098A0009081887B9073C87BD073087C1074487C4F
:1098B00050742846AEE730B50346002014780C708B
:1098C00054784C7094788C70D478CC701579547925
:1098D00045EA04248C8094798C718C883CB18C8806
:1098E000B4F5806F03D88C88B4F5006F00D90320DD
:1098F00093F81D4934BBCC7804F00304022C05D145
:109900008C88B4F5007F69D9032067E0CC7804F037
:10991000030424B98C88402C60D903205EE0CC7805
:1099200004F00304012C04D0CC7804F00304032CCD
:1099300006D18C7914B18C79102C4FD903204DE0CD
:1099400003204BE093F81D49012C2BD1CC7804F077
:109950000304022C03D0CC7804F0030424B98C88CF
:10996000402C3BD9032039E0CC7804F00304012CCF
:1099700009D18C792CB18C79102C02D88C88402C90
:109980002CD903202AE0CC7804F00304032C07D15F
:109990008C791CB18C88B4F5806F1FD303201DE037
:1099A00003201BE093F81D49022C16D1CC7804F05B
:1099B000030424B98C88082C10D003200EE0CC7846
:1099C00004F00304032C06D18C7914B18C88082C84
:1099D00004D9032002E0032000E0032030BD0A7810
:1099E00002704A7842708A788270CA78C2700A79A6
:1099F000022A01D20A7900E0022202714A794271F8
:109A00008A798271CA79C2710A7A0272704730B556
:109A100013464578032D14D10578AD1E9D4202D81A
:109A20000578AD1E00E01D46ACB2801C002204E0AB
:109A3000855C0D70491C951CAAB2A242F8DB00257A
:109A40000D7030BD7FB5044602200390002594F8C8
:109A50002109012801D10320207020780E286FD21F
:109A6000DFE800F0072C6FFE6EB2FDE2FFFBFAF9B3
:109A70006EF894F8200900B300BFFAA001F090FA44
:109A8000FEA001F08DFA00BF01202070C820FEF773
:109A900024FB2046FFF786FD002184F81C190020D6
:109AA000C4F8CC090120C4F8E40900231A4604F6DE
:109AB000E411D4F8DC0901F0EBFDC4E294F82309C9
:109AC00001280DD100BFEEA001F06AFAEBA001F071
:109AD00067FA00BF002184F81F190220207023E0DC
:109AE000D4F8CC09B0F57A7F16D994F81F09401C38
:109AF00084F81F0994F81F0903280AD900BFE7A0BA
:109B000001F04EFADDA001F04BFA00BF0D202070ED
:109B10000AE00020207007E0D4F8CC090A30C4F82D
:109B2000CC090A20FEF7D9FA0120C4F8E409002381
:109B30001A4604F6E411D4F8DC0901F0A9FD82E22A
:109B40007FE2D4F8D80920B104212046D4F8D829DE
:109B500090476420FEF7C1FA2046FFF786FC84F8A0
:109B60001D090520207000212046FEF702FA6071D1
:109B700080212046FEF7FDF92071A079002294F89B
:109B80001D19CDE90012029094F81C392179802228
:109B90002046FFF776FDA079002294F81D19CDE943
:109BA0000012029094F81C3961792046FFF769FD94
:109BB0000120C4F8E40900231A4604F6E411D4F89D
:109BC000DC0901F065FD3EE22046FFF7DDF8039079
:109BD0009DF80C00002826D100BFBBA001F0E0F9E1
:109BE000A6A001F0DDF900BF002184F8241994F843
:109BF000370901280AD100BFB8A001F0D1F99FA010
:109C000001F0CEF900BF0820207001E0072020708D
:109C10000520C4F8E40900231A4604F6E411D4F838
:109C2000DC0901F035FD0EE2D4F8D80988B1012134
:109C30002046D4F8D8299047082020700520C4F881
:109C4000E40900231A4604F6E411D4F8DC0901F013
:109C50001FFDF8E1F6E1E0E054E01EE001E0B5E0D0
:109C6000E4E094F83D19204600F0A8FA48B909202C
:109C7000207000BFA3A001F093F980A001F090F93B
:109C800000BF0120C4F8E40900231A4604F6E411D9
:109C9000D4F8DC0901F0FCFCD5E194F83F0900F0B0
:109CA000200008B30121204600F09CFA03909DF8A3
:109CB0000C0050B900BF9AA001F072F96FA001F03A
:109CC0006FF900BF0A20207010E09DF80C000328F7
:109CD0000CD100BF9AA001F063F968A001F060F90F
:109CE00000BF0A20207001E00A2020700120C4F883
:109CF000E40900231A4604F6E411D4F8DC0901F063
:109D0000C7FCA0E1D4F8840938B900BF97A001F0DE
:109D100047F95AA001F044F94CE00020C4F880094A
:109D2000002511E004F6781050F82500017994F828
:109D30004709814206D104F6781050F82500C4F88E
:109D4000800903E0681CC5B2022DEBD300BFD4F834
:109D5000800928B3D4F8800981682046884790B9E3
:109D60000620207000BFD4F88009016887A001F0A8
:109D700017F942A001F014F900BF03212046D4F8DE
:109D8000D829904716E00D20207000BFD4F8800934
:109D9000016883A001F004F938A001F001F909E09D
:109DA0000D20207000BF86A001F0FAF833A001F06A
:109DB000F7F800BF0520C4F8E40900231A4604F6AA
:109DC000E411D4F8DC0901F063FC3CE1D4F880092B
:109DD00098B1D4F8800901692046884703909DF81E
:109DE0000C0010B90B2020700BE09DF80C0002282D
:109DF00007D10D20207000BF03E00D20207000BFB0
:109E000000BF0520C4F8E40900231A4604F6E41153
:109E1000D4F8DC0901F03CFC15E1D4F8800920B14C
:109E2000D4F880094169204688470CE1002184F874
:109E300021192046F9F7C6FDD4F8800938B1D4F8C5
:109E40008009C168204688470020C4F88009D4F8FA
:109E5000D80920B105212046D4F8D829904700BF61
:109E600061A0CDE055534220446576696365204387
:109E70006F6E6E6563746564000000000D0A00007B
:109E80005553422044657669636520526573657455
:109E900020436F6D706C65746564000055534220FB
:109EA0005265736574204661696C65642C20506C42
:109EB0006561736520756E706C75672074686520C8
:109EC0004465766963652E00456E756D65726174D3
:109ED000696F6E20646F6E652E00000054686973B0
:109EE0002064657669636520686173206F6E6C79A4
:109EF000203120636F6E66696775726174696F6E79
:109F00002E00000044656661756C7420636F6E6698
:109F1000696775726174696F6E207365742E0000D5
:109F20004465766963652072656D6F74652077613D
:109F30006B65757020656E61626C65640000000081
:109F400052656D6F74652077616B657570206E6FFB
:109F50007420737570706F727465642062792074F8
:109F60006865206465766963650000004E6F204374
:109F70006C61737320686173206265656E20726521
:109F800067697374657265642E0000002573206331
:109F90006C61737320737461727465642E000000C9
:109FA000446576696365206E6F7420737570706F99
:109FB0007274696E6720257320636C6173732E0061
:109FC0004E6F207265676973746572656420636C97
:109FD00061737320666F722074686973206465769C
:109FE0006963652E00000000555342204465766980
:109FF000636520646973636F6E6E65637465640086
:10A0000000F0CEFFAFF28C1000F0CAFF00BF94F852
:10A010002209012806D1002184F82219204600F0E7
:10A02000F5F802E02046FFF7EEFA0120C4F8E40953
:10A0300000231A4604F6E411D4F8DC0901F028FBE9
:10A0400001E000BF00BF00BF002004B070BD0446A7
:10A0500000BF4FF0FF33002204F6E411D4F8DC090E
:10A0600001F0D4FA0546002DF3D12046FFF7EAFCB3
:10A07000EFE710B50246002089B1D2F88439022BEF
:10A0800009D2D2F88449631CC2F8843902F67813E5
:10A0900043F8241006E000BF00BF022002E000BF2A
:10A0A00000BF022010BD000070B504460D4600261A
:10A0B00094F83C09A8423DDD84F8245900BF2946A4
:10A0C0001FA000F06DFF26A000F06AFF00BF00BFD8
:10A0D00005EB850000EBC50204F6421000EB4200E0
:10A0E000417920A000F05CFF1DA000F059FF00BFE7
:10A0F00000BF05EB850000EBC50204F6421000EB43
:10A10000420081791BA000F04BFF15A000F048FF32
:10A1100000BF00BF05EB850000EBC50204F642104E
:10A1200000EB4200C17917A000F03AFF0CA000F04C
:10A1300037FF02E000BF00BF0226304670BD0000BE
:10A14000537769746368696E6720746F20496E7411
:10A15000657266616365202823256429000000007C
:10A160000D0A0000436C617373202020203A2025E3
:10A1700078680000537562436C617373203A202540
:10A180007868000050726F746F636F6C203A2025FE
:10A190007868000070B504460D46A078012807D104
:10A1A000002121740521617465820021A182E18270
:10A1B000002211462046FDF723FF70BD70B504460E
:10A1C0000D46A078012807D100212174092161746E
:10A1D00065820021A182E182002211462046FDF71E
:10A1E0000FFF70BD70B504460D46A078012807D159
:10A1F000002121740321617465820021A182E18222
:10A20000002211462046FDF7FBFE70BD10B5044646
:10A210002046FFF7F8F901212046FFF710F900204A
:10A2200010BD0000012906D0022909D004290BD055
:10A2300005290DD100E00CE00322074B1A7008E05D
:10A240000222054B1A7004E00122034B1A7000E051
:10A2500000BF00BF70470000380100200FB470B588
:10A2600004469DF81900012818D1A06B20F4803015
:10A27000A063E0681B490840E060E06820F44010FB
:10A28000E0609DF82000012803D1E06840F48010D0
:10A29000E060204600F028F8054613E0E06840F052
:10A2A0004000E060204600F01FF805469DF81D00C4
:10A2B00020B9A06B40F48030A06303E0A06B20F4D1
:10A2C0008030A0639DF81600012807D1A06840F0F7
:10A2D0000600A060A06840F02000A060284670BC86
:10A2E0005DF814FBBFFFBDFF08B5014600200090DC
:10A2F00000BF0098401C00900098B0F1706F01D929
:10A30000032008BD086900F000400028F1D00020BB
:10A310000090086940F00100086100BF0098401CEF
:10A3200000900098B0F1706F01D90320E9E7086947
:10A3300000F001000028F1D100BFE2E70146886883
:10A3400020F001008860002070470000F0B503464F
:10A350001C460A4601260D4800EAC64040F0004768
:10A36000114604F5A06000EB4110076104F5A06000
:10A3700000EB4110056825F0804545F0004504F5E7
:10A38000A06000EB411005600020F0BD0000F81F48
:10A3900008B50246134600200090D3F84004009010
:10A3A000009820F02E000090009800F4805030B902
:10A3B000012904D1009840F48050C3F8400400986B
:10A3C00000F48050B0F5805F05D121B9009820F4E9
:10A3D0008050C3F84004002008BD0146886840F062
:10A3E000010088600020704708B5014600200090F9
:10A3F00000BF0098401C00900098B0F1706F01D928
:10A40000032008BD086900F000400028F1D00020BA
:10A4100000901020086100BF0098401C0090009838
:10A42000B0F1706F01D90320EBE7086900F010006C
:10A430001028F1D00020E4E708B502460020009083
:10A4400000BF0098401C00900098B0F1706F01D9D7
:10A45000032008BD106900F000400028F1D0002062
:10A460000090202040EA8110106100BF0098401C3D
:10A4700000900098B0F1706F01D90320E9E71069EE
:10A4800000F020002028F1D00020E2E701460A4633
:10A490004FF48160805880B2704708B501460A4683
:10A4A00000200090D2F8400400900098C0F3414092
:10A4B00008BD0146486900F001007047F8B5034641
:10A4C0000C461A4621460020009002F5A06000EBE1
:10A4D00041100068C0F3814502F5A06000EB411017
:10A4E0000068C60F02F5A06000EB41104068C70F7E
:10A4F000986800F02000202807D137B91EB1012D3F
:10A5000001D0032D01D10020F8BD0DB1022D60D185
:10A5100002F5A06000EB4110006840F0804C02F5AD
:10A52000A06000EB4110C0F800C0986800F0200067
:10A5300088BBD86A00F47F0070BB02F5A06000EB16
:10A540004110006820F0004C02F5A06000EB4110C3
:10A55000C0F800C002F5A06000EB4110006840F0B8
:10A56000004C02F5A06000EB4110C0F800C000BF35
:10A570000098401C00900098B0F57A7F00D909E05F
:10A5800002F5A06000EB4110006800F00040B0F15F
:10A59000004FEDD06BE00EE0FFE702F5A06000EBAE
:10A5A0004110006840F0004C02F5A06000EB411043
:10A5B000C0F800C05BE002F5A06000EB411000684D
:10A5C00040F0004C02F5A06000EB4110C0F800C064
:10A5D0004DE002F5A06000EB4110006840F0804CB7
:10A5E00002F5A06000EB4110C0F800C04FF482609B
:10A5F000805800F47F0068BB02F5A06000EB4110BA
:10A60000006820F0004C02F5A06000EB4110C0F89B
:10A6100000C002F5A06000EB4110006840F0004C63
:10A6200002F5A06000EB4110C0F800C000BF009828
:10A63000401C00900098B0F57A7F00D909E002F53F
:10A64000A06000EB4110006800F00040B0F1004F46
:10A65000EDD00CE002F5A06000EB4110006840F086
:10A66000004C02F5A06000EB4110C0F800C00020D3
:10A670004AE700002DE9FF4F81B006460C46174619
:10A68000DDF83C80002000903546411E05F5A060B5
:10A6900000EB44108160B8F1000F09D0B8F1010F50
:10A6A00047D0B8F1020F04D0B8F1030F59D128E018
:10A6B00000BF40F29D4105F5A06000EB4410C16071
:10A6C00007F0800080280CD105F5A06000EB441055
:10A6D000C06840F4807105F5A06000EB4410C160D3
:10A6E0000EE0584886420BD105F5A06000EB4410FF
:10A6F000C06840F0600105F5A06000EB4410C16047
:10A7000032E040F29D6105F5A06000EB4410C160AD
:10A7100007F0800080280BD105F5A06000EB441005
:10A72000C06840F4807105F5A06000EB4410C16082
:10A730001AE040F2252105F5A06000EB4410C1604D
:10A7400007F0800080280BD105F5A06000EB4410D5
:10A75000C06840F4C07105F5A06000EB4410C16012
:10A7600002E00120009000BF00BF002105F5A060BD
:10A7700000EB4410416005F5A06000EB4410C06898
:10A7800040F0020105F5A06000EB4410C1604FF4F9
:10A790008360415904F00F020120904008434FF4B8
:10A7A00083614851B06940F00070B06107F08000EB
:10A7B000802802D14FF4004901E04FF000093046F3
:10A7C000FFF76BFE83460E98022805D1BBF1020FFE
:10A7D00002D04FF4003A01E04FF0000A4FF0FE5172
:10A7E000049801EA80504FF4F04101EAC721084380
:10A7F0004FF4402101EA884108431099C1F30A014E
:10A80000084340F4801040EA090040EA0A0005F5D8
:10A81000A06101EB44110860B8F1030F02D0B8F158
:10A82000010F0BD105F5A06000EB4410006840F06B
:10A83000005105F5A06000EB44100160009805B0E0
:10A84000BDE8F08F0000044001460A4640F2144083
:10A85000805880B2704700002DE9FE4F80460C46BC
:10A860009146464665784FF4807BDB48804522D18F
:10A87000B9F1010F13D1A07C10B1A07C02281AD12C
:10A88000A079C0B906F5A06000EB4510C06820F0C3
:10A89000700106F5A06000EB4510C1600BE0207967
:10A8A00048B96079012806D161784046FFF74EFD2E
:10A8B0000020BDE8FE8FA079012838D10127E0787B
:10A8C00018B1A08A7843E0614AE0A07C012820D139
:10A8D000206ABC280FD9A08AE061E0692062E068A4
:10A8E000012802D0E068022802D10220E06037E0AF
:10A8F0000120E06034E0206AE061E068012805D0D2
:10A90000E068022802D00420E06029E00320E06033
:10A9100026E0B9F1010F07D1A18A206A884203D944
:10A92000A08A7843E0611BE0206AE06118E0206AB9
:10A9300068B1A18A206A0844401EB0FBF1F087B2DA
:10A940005F4505DD5F46A08A7843E06100E00127AE
:10A95000E07818B1A08A7843E06101E0206AE06104
:10A96000E069C0F312009D4901EAC7410843A17D97
:10A970004FF0C04202EA4171084306F5A06101EBC5
:10A9800045110861B9F1000F05D006F5A06000EB94
:10A990004510A16941614FF48160805900F00100C8
:10A9A00080F00100019006F5A06000EB4510006802
:10A9B00020F0005106F5A06000EB4510016006F59F
:10A9C000A06000EB45100168019841EA407106F56E
:10A9D000A06000EB45100160A079012874D1207CB3
:10A9E000617C40EAC11040F0004106F5A06000EB38
:10A9F0004510416006F5A06000EB4510C06840F0CE
:10AA0000600106F5A06000EB4510C160E079012807
:10AA100019D1E078B8B906F5A06000EB45104068A0
:10AA200040F4803106F5A06000EB4510416006F56A
:10AA3000A06000EB4510C06840F0400106F5A06042
:10AA400000EB4510C160A07C012802D0A07C032847
:10AA500011D1E07901280ED1E07801280BD106F55B
:10AA6000A06000EB4510406840F4803106F5A0601E
:10AA700000EB45104160A07C012849D1E07888BBFB
:10AA8000E068012806D0022811D003281DD0042830
:10AA900036D128E006F5A06000EB4510406840F490
:10AAA000004106F5A06000EB4510416029E006F585
:10AAB000A06000EB4510406840F00E0106F5A06074
:10AAC00000EB451041601CE01CE006F5A06000EBC7
:10AAD0004510406840F4804106F5A06000EB451049
:10AAE00041600EE014E006F5A06000EB4510406800
:10AAF00040F4404106F5A06000EB4510416000E0E5
:10AB000000BF05E0002106F5A06000EB45104160A4
:10AB100006F5A06000EB451000680290029820F056
:10AB200080400290E07820B1029840F4004002900A
:10AB300003E0029820F400400290029840F00040A8
:10AB4000029006F5A06000EB451002990160B9F192
:10AB5000000F01D00020ACE6E07878BB206A68B333
:10AB6000E07958BBA07C30B1012816D0022803D070
:10AB7000032824D110E000BF206AC01CC0F38F0A54
:10AB8000D8F82C0080B2504505D2D8F8180040F013
:10AB90002000C8F8180013E000BF206AC01CC0F3F2
:10ABA0008F0A4FF48260805980B2504505D2D8F8A0
:10ABB000180040F08060C8F8180001E00AE000BF0B
:10ABC00000BF00200090208C83B262784046A169CB
:10ABD00000F0C2F900206CE6000004400000F81FFD
:10ABE00010B501220A490B48FEF786FB08B1F9F7B8
:10ABF00023F809490748FFF73CFA08B1F9F71CF8B0
:10AC00000448FFF703FB08B1F9F716F810BD000080
:10AC100025A20008AC3101203C0100200FB4F0B5A2
:10AC20000446002725460020C5F8000EA06B40F41E
:10AC30000010A063A06B20F40020A063A06B20F4A0
:10AC40008020A063E06800F0400088B99DF81B00F8
:10AC5000012806D1D5F8000440F00400C5F800042E
:10AC60000CE0D5F8000420F00400C5F8000405E06D
:10AC7000D5F8000420F00400C5F800041021204697
:10AC8000FFF7DAFB00B101272046FFF7ADFB00B16B
:10AC9000012700260DE04FF0FF3105F5A06000EB25
:10ACA00046108160002105F5A06000EB4610C160F0
:10ACB000761C9DF81900B042EDD80020A061401E1E
:10ACC00060611048844207D1401560620E48A0625E
:10ACD0000E48C4F8000106E0802060620C48A062C3
:10ACE0000C48C4F800019DF81A0018B9A06940F09A
:10ACF0001000A061A06908490843A0613846F0BC73
:10AD00005DF814FB00000440000200010003E000B5
:10AD100080006000E0004000080020A310B502465B
:10AD20000B461146D1F8000420F00300C1F80004DE
:10AD3000D1F8000403F003042043C1F80004012B00
:10AD400005D14BF6803440F20440445009E0022B18
:10AD500005D141F2707440F20440445001E00120FA
:10AD600010BD0020FCE710B50246134603F5A064B1
:10AD700004EB4114A06803F5A06404EB4114E468FB
:10AD8000204010BD014648698A69104070472DE98E
:10AD9000F04104460D46274628464FEA920C02F041
:10ADA000030300210AE04FF4805858F80780C0F8E8
:10ADB0000080401C401C401C401C491C6145F2D3D3
:10ADC0009BB100214FF4805858F8076000BF4FEA4C
:10ADD000C10826FA08F880F80080491C401CA3F13D
:10ADE00001081FFA88F3002BF1D1BDE8F08138B5D6
:10ADF0000446254600200090D5F8400400900098B5
:10AE000020F02E000090009840F48070C5F84004B7
:10AE10006420F6F7C3F8009820F48070C5F8400469
:10AE20000A20F6F7BBF8002038BD70B504460E4680
:10AE30000025E06820F0C040E060012E10D1E068FD
:10AE400040F00050E06000BF0A20F6F7A7F80A358E
:10AE50002046FFF72EFB012815D0C82DF4D312E0B1
:10AE60007EB9E06840F08040E06000BF0A20F6F75D
:10AE700095F80A352046FFF71CFB20B1C82DF5D305
:10AE800001E0012070BDC82D01D10120FAE70020AA
:10AE9000F8E72DE9F84107464FF000083E4600204C
:10AEA00000903846FFF74AFA10213846FFF7C4FAF7
:10AEB00008B14FF001083846FFF796FA08B14FF095
:10AEC0000108002410E006F5A06000EB44100568BE
:10AED00045F0804525F0004525F4004506F5A060C5
:10AEE00000EB44100560641C0F2CECD9002424E016
:10AEF00006F5A06000EB4410056845F0804545F07C
:10AF0000004525F4004506F5A06000EB44100560FF
:10AF100000BF0098401C00900098B0F57A7F00D9DF
:10AF200009E006F5A06000EB4410006800F0004066
:10AF3000B0F1004FEDD000BF641C0F2CD8D94FF0FA
:10AF4000FF3140F214408151084678613846FFF7DE
:10AF500044FA4046BDE8F8812DE9F04304460D4629
:10AF60001E46DDF81CC0A0462946BCF1000F12D1D8
:10AF7000F01C870800230CE0D1F8009008F5805001
:10AF800000EB0230C0F80090491C491C491C491CC8
:10AF90005B1CBB42F0D30020BDE8F08300BFFEE79E
:10AFA0000FB4054B10B503A9044A029800F018F835
:10AFB00010BC5DF814FB000039B400085C010020EF
:10AFC00002E008C8121F08C1002AFAD17047704772
:10AFD000002001E001C1121F002AFBD170470000D0
:10AFE0002DE9FF4F8DB00F460546002606E02528C7
:10AFF0000BD0DDE90F1290476D1C761C28780028D5
:10B00000F5D111B03046BDE8F08F0024A246A1462C
:10B010000122E94900E0044315F8013F203B02FA10
:10B0200003F00842F7D128782A2810D06FF02F02B9
:10B030002878A0F13001092914D80AEB8A0102EB23
:10B04000410144F0020400EB010A6D1CF0E701CF5E
:10B050005FEA000A03D544F40054CAF1000A44F040
:10B0600002046D1C28782E2817D115F8010F44F022
:10B0700004042A280ED06FF02F022878A0F13001A6
:10B0800009290AD809EB890102EB410100EB01090A
:10B090006D1CF2E757F8049B6D1C28786C280FD0C4
:10B0A00006DC4C2817D068280DD06A2814D104E09B
:10B0B000742810D07A280FD10DE044F400140AE06F
:10B0C00044F4801401E044F440146978814202D1D0
:10B0D00004F580146D1C6D1C28786E281ED00CDCC5
:10B0E000632830D004DC00288BD0582811D19FE091
:10B0F000642867D069280CD164E073282DD004DC63
:10B100006F2872D0702804D194E075286ED078280A
:10B110006DD0DDE90F129047761C4BE1C4F302506D
:10B12000022806D0032809D0042801CF09D00660E0
:10B1300040E101CFF117C0E900613BE101CF06809A
:10B1400038E1067036E117F8040B8DF80000002096
:10B150008DF80100EB46012003E057F804BB4FF0E7
:10B16000FF3061074FF0000102D40DE008F101014A
:10B17000884649450FDA8045F8DB1BF8081000299E
:10B18000F4D108E008F1010188468142FADB1BF89E
:10B1900008100029F6D1DDE90F23AAEB080081464B
:10B1A000214600F031F9304400EB080604E0DDE907
:10B1B0000F121BF8010B9047B8F10108F7D2214696
:10B1C0004846F2E00A21C4F302524FF0000B089106
:10B1D000022A04D001CFC117032A09D00AE0FF1DBB
:10B1E00027F00707F7E8020108E02CE01EE01FE067
:10B1F00000B2C117042A01D140B2C117021E71F179
:10B20000000206DA0023D0EB030063EB01012D22DC
:10B2100002E0220504D52B228DF82420012203E030
:10B22000E20701D02022F7E7904653E00A210BE025
:10B23000102109E010214FF0000B44F004044FF0FE
:10B240000809089103E008214FF0000B0891C4F3AE
:10B250000252022A04D001CF0021032A06D006E0C0
:10B26000FF1D27F00707F7E8020103E080B2042A78
:10B2700000D1C0B24FF0000822072BD52A78702ADF
:10B2800007D0DDF820C08CF0100C5CEA0B0C05D068
:10B290000EE040228DF82420012208E050EA01034C
:10B2A00006D030238DF824308DF8252002229046D8
:10B2B000089B83F0080353EA0B030BD150EA010209
:10B2C00001D1620706D530228DF824204FF0010805
:10B2D000A9F101092A78582A04D038A20B9208AAA9
:10B2E0000A920BE03AA2F9E75B46089AF5F7FEF9F5
:10B2F0000B9B9B5C0A9A521E0A92137050EA010241
:10B30000F2D10A98ADEB000000F1200B600702D5E6
:10B3100024F4803401E04FF00109D94502DDA9EBA6
:10B320000B0000E0002000EB0B0141440890AAEB69
:10B33000010AE00306D4DDE90F232146504600F060
:10B3400063F806444FF0000908E009A911F8090064
:10B35000DDE90F12904709F10109761CC145F4DBC4
:10B36000E0030CD5DDE90F232146504600F04CF8F0
:10B37000064404E0DDE90F1230209047761C08995E
:10B38000481E08900029F5DC08E00A980A99007820
:10B39000491C0A91DDE90F129047761CBBF10001B0
:10B3A000ABF1010BF1DC21465046DDE90F2300F043
:10B3B00019F806446D1C21E60928010030313233AA
:10B3C00034353637383961626364656600000000E1
:10B3D00030313233343536373839414243444546CB
:10B3E000000000002DE9F041044600251E461746E6
:10B3F000880404D405E039462020B0476D1C641E43
:10B40000F9D52846BDE8F0812DE9F0410446002534
:10B410001E469046C80301D5302700E02027880447
:10B4200004D505E041463846B0476D1C641EF9D589
:10B430002846BDE8F081000070B504460D46E1B233
:10B440000548FCF792FD00BF40210348FCF7C1FC12
:10B450000028F9D0204670BD0010014010B500282A
:10B4600021D0114B0022001F196803E0814203D84C
:10B470000A4649680029F9D152B11368841A9C42DE
:10B4800004D1006818441060104602E0506000E0EB
:10B49000186039B102680B1A934203D10B681A4441
:10B4A00002604968416010BD600100201CB54FF486
:10B4B0004070FAF733FFF7F7E9FAF6F705F9F6F710
:10B4C000D3F9F5F743FDF6F7A7F8F6F77FF8F7F7A6
:10B4D000AFFEF5F7FBFAF5F78FFD4FF46130F7F7A4
:10B4E00067FC4FF46130F7F7BDFC4FF4E130F7F73C
:10B4F00073FD4FF46130F7F7C5FDF7F76BFAF5F719
:10B5000003FBF5F7FBFDF5F76BFEF5F7CFFEF5F75F
:10B5100033FFF6F753FD3F2211461046F6F7CCFDF8
:10B52000F6F780FC0020164908238022CDE90010A0
:10B530000146F6F711FB01211248F8F731FC022110
:10B540001148F8F72BFC6420F5F728FD01210D4880
:10B55000F8F724FC6420F5F721FDF5F7FBFFFFF772
:10B560003FFB0A48012100238022CDE9001008A1F9
:10B570000A4801F0F7FE01F0DDF900BFFEE7000028
:10B58000F8D800080010024000040240000000202B
:10B5900053746172745F5461736B00000169000839
:10B5A000F0B50B30154D20F007010024144A0FE0D0
:10B5B00003688B420BD38B4205D95E1A4318476848
:10B5C000C3E9006700E04368136002C004E0021DA5
:10B5D00010680028ECD12046002802D1286808B164
:10B5E0000020F0BD064A07481060074A121A22F0F0
:10B5F0000702C0E9002401202860D7E76401002089
:10B6000060010020C4400120C04201202DE9F84320
:10B6100007460D4691461C463E464FF0000800BFC7
:10B62000EFF30580E0B10EB105B114B16FF003087E
:10B6300029E0002000906A462946304601F0E6FDE8
:10B64000012802D06FF002081DE00098D8B14FF039
:10B6500080500E490860BFF34F8FBFF36F8F12E029
:10B6600006B115B96FF003080DE000232246294604
:10B67000304601F04DFB012805D014B16FF00108F0
:10B6800001E06FF002084046BDE8F88304ED00E0F9
:10B690002DE9F84307460C4690461D463E4600BF3E
:10B6A000EFF30580B8B1F6B1ECB1E5B90020009038
:10B6B00000236A462146304601F02CFD012812D1B4
:10B6C000009880B14FF0805008490860BFF34F8F59
:10B6D000BFF36F8F07E036B12CB100232A46214615
:10B6E000304601F043FCBDE8F883000004ED00E0C3
:10B6F0002DE9F04105460E461C4807681C480068C5
:10B70000001D00F0A7FD50B91948006890F82C10F2
:10B710000120884017490968814316480160681C68
:10B7200038B936B112480168091D134800F0D0FD40
:10B730001AE07C190E4800684460BC4207D20C48ED
:10B740000168091D0D48006800F0A8FD0CE00848DC
:10B750000168091D0A48006800F0A0FD094800685A
:10B76000844201D207480460BDE8F081D400002083
:10B77000C0000020D800002070050020C800002074
:10B78000C4000020F000002010B5044600F0ACFD1D
:10B7900024480068401C234908602348006840B9D9
:10B7A000214804600846006801280DD100F0DEF948
:10B7B0000AE01E48006838B91B480068C06AE16AA0
:10B7C000884201D81848046019480068401C18498C
:10B7D000086008460068206494F82C100120884016
:10B7E00014490968084313490860E16A01EB8101C3
:10B7F000114A02EB8100211D00F06AFD00F09EFD60
:10B800000A48006868B108480068C06AE16A88426E
:10B8100007D24FF0805009490860BFF34F8FBFF344
:10B820006F8F10BDD0000020C0000020DC00002081
:10B83000EC000020D8000020BC04002004ED00E053
:10B8400010B500F051FD10480068D0B90F4800F065
:10B8500015FD0F4800F012FD0C480E4908600C4819
:10B860000D49086000220C210A2001F025FA064942
:10B8700008600846006820B108A10348006800F08D
:10B8800011FE00F05BFD10BD0401002084050020C6
:10B8900098050020FC00002000010020546D72512A
:10B8A0000000000070B523E001F000F913480068C3
:10B8B00008B9012000E00020054601F0EDFEBDB909
:10B8C00000F012FD0D48C068C468201D00F0C2FCE5
:10B8D0000B480068401E0A4908600A480068401E7C
:10B8E0000849086000F02AFD204600F060F800BF1B
:10B8F000044800680028D7D170BD00005C05002016
:10B90000D0000020CC00002070B504460D46206C0D
:10B9100070B1216CE0680844E0606168E0688842CA
:10B9200001D32068E0602846226CE168F4F7A6FCA9
:10B9300070BD2DE9F04104460F4615464FF0000852
:10B94000A66B206C40B9206860BB606801F0F4FD14
:10B9500080460020606025E07DB93946226CA068F1
:10B96000F4F78CFC216CA0680844A060D4E90110B5
:10B97000884217D32068A06014E03946226CE06842
:10B98000F4F77CFC216CE068401AE0602168E06814
:10B99000884203D2216C6068401AE060022D01D118
:10B9A00006B1761E701CA0634046BDE8F08110B55C
:10B9B0000446206B00F0E0FC204600F0DDFC10BDEA
:10B9C0000146084A126812680AB9012200E0002202
:10B9D0000A600A6822B9034A1268D268106800E057
:10B9E00000207047FC00002030B54FF49633174814
:10B9F00000F007042CB1C01D20F00700134C041BFD
:10BA00001B1B0246124C22600024114D6C60D018A2
:10BA1000083820F007000F4C206000240D4D2D68E1
:10BA20006C600C4D2D682C601146441A4C60094C1A
:10BA300024680C60084D4C682C60084D4C682C60E4
:10BA40004FF00044064D2C6030BD0000AC050020D6
:10BA50001001002018010020200100201C010020FE
:10BA60002401002000BFFFF71DFF064800680128E1
:10BA7000F9D94FF0805004490860BFF34F8FBFF3EE
:10BA80006F8FF0E7BC04002004ED00E02DE9F041E9
:10BA900006460D4617469846069C0DB9246000E000
:10BAA0002760E66325640121204601F013FA84F83B
:10BAB0004C80BDE8F0812DE9F05F82460F4690464C
:10BAC0009B460A9E0C9C4FEA8801A522206BF4F746
:10BAD000E7FBA8F10100216B01EB800929F00709C0
:10BAE00009F0070008B9012000E0002050B900BFAC
:10BAF000502080F31188BFF34F8FBFF36F8F00BFCB
:10BB000000BFFEE7002507E0795D04F134004155F0
:10BB1000785D00B902E06D1C0A2DF5D300BF00214D
:10BB20003D200155052E00D30426E662A6640020C0
:10BB3000E064201D00F0AFFB04F1180000F0ABFB47
:10BB40002461C6F10500A06164620020206584F8CC
:10BB500054005A465146484600F066FB20600B9858
:10BB600008B10B980460BDE8F09F000010B50024F8
:10BB700007E004EB84010F4A02EB810000F07EFB3A
:10BB8000641C052CF5D30C4800F078FB0B4800F042
:10BB900075FB0B4800F072FB0A4800F06FFB0A4887
:10BBA00000F06CFB04480949086004480849086033
:10BBB00010BD0000BC04002020050020340500203A
:10BBC000480500205C05002070050020C40000200E
:10BBD000C800002010B50146164800E00068036860
:10BBE0008B42FBD30246436813448B4204D1436823
:10BBF0004C682344436001460A464B68134404687A
:10BC0000A34211D10C4C03682468A34208D04B68AE
:10BC10000468646823444B6003681B680B6005E09C
:10BC2000054B1B680B6001E003680B60884200D085
:10BC3000016010BD10010020180100202DE9F04125
:10BC400004460D4616461F464FF000086560246105
:10BC5000B5420CD8F01BA169884202D34FF001080D
:10BC600011E0211D0948006800F018FB0BE0BE42FE
:10BC700004D2BD4202D34FF0010804E0211D044864
:10BC8000006800F00BFB4046BDE8F0810001002099
:10BC9000FC00002070B5054600F026FBA86B08B933
:10BCA000012400E0002400F049FB204670BD70B57F
:10BCB000054600F019FBA86BE96B884201D101240D
:10BCC00000E0002400F03AFB204670BDF8B50546C0
:10BCD0000F4616480068C068C468201D00F0BAFA14
:10BCE000E06901281DD1A06941192B463A4620463A
:10BCF000FFF7A4FFA8B1002003462A4601460090A2
:10BD0000204601F077FD064656B900BF502080F36B
:10BD10001188BFF34F8FBFF36F8F00BF00BFFEE7E7
:10BD200000BF2046616A8847F8BD0000FC00002083
:10BD300070B586B06AE00398002867DB059C6069EF
:10BD400008B9012000E0002010B9201D00F082FA9F
:10BD500002A800F0BDF8054603980A2854D2DFE88F
:10BD600000F009050731334F0608323400BF00BF29
:10BD700000BF00BF0498A269811803462A462046E6
:10BD8000FFF75CFFE8B12046616A8847E069012857
:10BD900017D1002000900498A16942180023194689
:10BDA000204601F027FD064656B900BF502080F31B
:10BDB0001188BFF34F8FBFF36F8F00BF00BFFEE747
:10BDC00000BF22E000BF20E000BF0498A061A0698E
:10BDD00008B1012000E0002050B900BF502080F3DE
:10BDE0001188BFF34F8FBFF36F8F00BF00BFFEE717
:10BDF000A06941192B462A462046FFF71FFF04E0A1
:10BE0000204600F0B9FA00E000BF00BF00231A4648
:10BE100003A90448006800F07BFF00288BD106B01E
:10BE200070BD000004010020F8B505460C4600F086
:10BE30003DFE684600F04CF80646009820BB44B929
:10BE4000B54206D801F028FC31462846FFF73EFFF0
:10BE50001CE03CB10E480068006808B9012000E011
:10BE600000200446A91B22460A48006800F030FB67
:10BE700001F012FC50B94FF0805007490860BFF341
:10BE80004F8FBFF36F8F01E001F006FCF8BD00009B
:10BE9000000100200401002004ED00E00A490968C7
:10BEA000096809B9012100E0002121B14FF0FF31FB
:10BEB000064A116006E004490968C968C868034A6F
:10BEC0004168116070470000C4000020F0000020AD
:10BED00070B5044601F086FA0546074800688542B9
:10BEE00004D200F00BF80120206001E00020206067
:10BEF00001480560284670BD0C0100202DE9F8437B
:10BF000032E024480068C068056822480068C068BC
:10BF1000C468201D00F09EF92046616A8847E069E8
:10BF2000012821D1A0694619AE4207D96660246173
:10BF3000211D1848006800F0B1F915E00020034603
:10BF40002A4601460090204601F054FC074657B9A6
:10BF500000BF502080F31188BFF34F8FBFF36F8F66
:10BF600000BF00BFFEE700BF0A480068006808B9CC
:10BF7000012000E000200028C3D00648D0F800804F
:10BF800005480068034908600348C0F80080BDE820
:10BF9000F8830000FC000020000100200E4800682B
:10BFA000401C08B9012000E0002050B900BF50201B
:10BFB00080F31188BFF34F8FBFF36F8F00BF00BFB7
:10BFC000FEE700BF502080F31188BFF34F8FBFF30F
:10BFD0006F8F00BF00BFFEE72801002010B50246AA
:10BFE0000020114652B900BF502383F31188BFF3DC
:10BFF0004F8FBFF36F8F00BF00BFFEE70B4C4B6945
:10C00000A34201D1012300E0002373B1084C8B6AE5
:10C01000A34201D1012300E0002333B98B6A0BB99D
:10C02000012300E0002303B1012010BD70050020B2
:10C030004805002008B500BF6846FFF7C1FC04466C
:10C0400020460099FFF7F0FEFFF772FEF4E770B5A7
:10C05000044600F049F994F9455010E0606A08B9C7
:10C06000012000E0002038B904F1240001F0C8FAF2
:10C0700018B100F065FB00E003E0681E45B2002D3A
:10C08000ECDC00BFFF2084F8450000F057F900F019
:10C090002BF994F9445010E0206908B9012000E020
:10C0A000002048B904F1100001F0AAFA08B100F02C
:10C0B00047FB681E45B200E001E0002DECDC00BF4C
:10C0C000FF2084F8440000F039F970BD2DE9F041FB
:10C0D00004464FF0000800F0E9FC4648006808B943
:10C0E000FFF782FC44480068204000286BD1D4B19F
:10C0F000083404F00700B0B104F00700C0F10800F4
:10C10000044404F0070008B9012000E0002050B901
:10C1100000BF502080F31188BFF34F8FBFF36F8FA4
:10C1200000BF00BFFEE7002C4DD0344800688442B9
:10C1300049D8334E3046056801E02E462D686868C0
:10C14000A04202D228680028F7D12A480068854218
:10C1500039D0306800F10808286830606868001B32
:10C16000102819D92F1907F0070008B9012000E09D
:10C17000002050B900BF502080F31188BFF34F8FCB
:10C18000BFF36F8F00BF00BFFEE76868001B7860D9
:10C190006C603846FFF71EFD184968680968081A80
:10C1A000164908600846006816490968884203D2A3
:10C1B00012480068134908600F4968680968084315
:10C1C00068600020286001F067FA08F0070008B9ED
:10C1D000012000E0002050B900BF502080F31188FA
:10C1E000BFF34F8FBFF36F8F00BF00BFFEE7404626
:10C1F000BDE8F08118010020240100201C0100206E
:10C2000010010020200100200648006830B10549D7
:10C21000096801F14C00C96C491C016001480068C3
:10C2200070470000C0000020001F4FF080730360C3
:10C23000001F21F001030360001F054B0360143849
:10C240000260001F6FF00203036020387047000097
:10C250009DBF000801460A69D1E901309860D1E923
:10C26000010358605068884201D1886850600020FE
:10C2700008611068401E10601068704700F10801E6
:10C2800041604FF0FF31816000F10801C160016140
:10C2900000210160704700210161704710B502461E
:10C2A0000B685C1C0CB9106907E002F1080000E0A3
:10C2B0004068446824689C42FAD944684C604C68E1
:10C2C000A160886041600A611468641C146010BD3C
:10C2D00042684A6093688B60936859609160086116
:10C2E00003685B1C0360704700BF502080F3118817
:10C2F000BFF34F8FBFF36F8F00BF0E480068401C25
:10C300000C49086008460068012812D10A480068F4
:10C31000C0B208B9012000E0002050B900BF502091
:10C3200080F31188BFF34F8FBFF36F8F00BF00BF43
:10C33000FEE770472801002004ED00E00D4800688A
:10C3400050B900BF502080F31188BFF34F8FBFF367
:10C350006F8F00BF00BFFEE706480068401E05491A
:10C3600008600846006820B9002080F3118800BFEB
:10C3700000BF70472801002070B506463546002EE4
:10C380003FD0083D2C461F4960680968084008B145
:10C39000012000E0002050B900BF502080F3118838
:10C3A000BFF34F8FBFF36F8F00BF00BFFEE7206862
:10C3B00008B9012000E0002050B900BF502080F3F0
:10C3C0001188BFF34F8FBFF36F8F00BF00BFFEE731
:10C3D0000C4960680968084098B1206888B9094923
:10C3E000606809688843606000F060FB0649606827
:10C3F00009680844044908602046FFF7EBFB01F098
:10C400004BF970BD240100201C0100200648006883
:10C410004FF47A71B0FBF1F0401E4FF0E02148611B
:10C4200007200861704700001800002070B5F3F77E
:10C430000FFF0446102C16D304F1E02090F8F053BF
:10C4400015480078854201DB012000E0002050B94A
:10C4500000BF502080F31188BFF34F8FBFF36F8F61
:10C4600000BF00BFFEE70D48006800F4E0600C4923
:10C470000968884201D8012000E0002050B900BFBF
:10C48000502080F31188BFF34F8FBFF36F8F00BF31
:10C4900000BFFEE770BD00002C0100200CED00E0A5
:10C4A00030010020024600200BE0084B53F83030EA
:10C4B00033B9064B43F8301003EBC0035A6002E077
:10C4C000401C0828F1D300BF704700007C04002006
:10C4D0002DE9F04105460E4617462C46FFF704FFAE
:10C4E00094F94400401C10B9002084F8440094F9E9
:10C4F0004500401C10B9002084F84500FFF71EFFDE
:10C50000A06B28B93A46314604F1240000F03AF90C
:10C510002046FFF79CFDBDE8F081000070B50446A1
:10C520000025D4B11248006808B9012000E00020BD
:10C5300050B900BF502080F31188BFF34F8FBFF375
:10C540006F8F00BF00BFFEE700F0B0FA0021204669
:10C55000FFF7CEF801F0A0F805463DB94FF0805046
:10C5600004490860BFF34F8FBFF36F8F70BD0000A9
:10C57000F800002004ED00E02DE9F04704460F46E6
:10C580004FF0000954B900BF502080F31188BFF369
:10C590004F8FBFF36F8F00BF00BFFEE70FB10120C9
:10C5A00000E0002050B900BF502080F31188BFF395
:10C5B0004F8FBFF36F8F00BF00BFFEE720480068BA
:10C5C00008B9012000E0002050B900BF502080F3DE
:10C5D0001188BFF34F8FBFF36F8F00BF00BFFEE71F
:10C5E00000F064FA174806682068C5192068B04250
:10C5F00007D92068A8420BD9B54209D94FF00109E3
:10C6000006E02068A84201D8B54201D94FF00109DF
:10C610002560B9F1000F03D0A81B0021FFF768F8CF
:10C6200001F03AF88046B8F1000F07D14FF0805082
:10C6300005490860BFF34F8FBFF36F8FBDE8F087E8
:10C64000F8000020D400002004ED00E070B505469D
:10C65000FFF74AFE15B93048006800E02846044656
:10C66000201DFFF7F7FD78B9E06A00EB80002B4949
:10C6700051F8200040B994F82C1001208840284936
:10C680000968814326480160A06A18B104F11800C6
:10C69000FFF7E0FD23480068401C224908601E485F
:10C6A0000068844209D1211D1F48FFF711FE1F4871
:10C6B0000068401C1D49086009E01D480068401ED4
:10C6C0001B4908602046FFF772F9FFF7E7FBFFF709
:10C6D00035FE18480068E8B10F480068844219D157
:10C6E0001548006808B9012000E0002050B900BFDB
:10C6F000502080F31188BFF34F8FBFF36F8F00BFBF
:10C7000000BFFEE74FF080500C490860BFF34F8F29
:10C71000BFF36F8F70BD0000C0000020BC0400207C
:10C72000D8000020EC0000205C050020CC00002098
:10C73000D0000020DC000020F800002004ED00E024
:10C740000120014908607047E400002070B50446EC
:10C750000D4654B900BF502080F31188BFF34F8FAE
:10C76000BFF36F8F00BF00BFFEE7054801681831B7
:10C770002046FFF793FD01212846FEF7B9FF70BD63
:10C78000C000002070B505460E46144655B900BFDE
:10C79000502080F31188BFF34F8FBFF36F8F00BF1E
:10C7A00000BFFEE70648016818312846FFF790FDF4
:10C7B0000CB14FF0FF3621463046FEF799FF70BDB1
:10C7C000C000002070B505462C46002D4BD02649F0
:10C7D000E06A0968C96A884245D2A06900F0004051
:10C7E00028B921480068C06AC0F10500A061E16A6B
:10C7F00001EB81011D4A02EB81016069884201D190
:10C80000012000E0002050B3201DFFF723FD78B980
:10C81000E06A00EB8000154951F8200040B994F817
:10C820002C1001208840124909688143104801609A
:10C830000D480068C06AE06294F82C10012088401E
:10C840000B49096808430A490860E16A01EB810164
:10C85000064A02EB8100211DFFF73AFD03E0024882
:10C860000068C06AE06270BDC0000020BC04002007
:10C87000D800002070B505462C4655B900BF5020A1
:10C8800080F31188BFF34F8FBFF36F8F00BF00BFDE
:10C89000FEE774B31748006884422AD0FFF724FDEE
:10C8A0002046FFF79BFB10B3201DFFF7D3FC94F845
:10C8B0002C10012088401049096808430E4908607F
:10C8C000E16A01EB81010D4A02EB8100211DFFF7B6
:10C8D000FFFC0849E06A0968C96A884207D34FF03B
:10C8E000805007490860BFF34F8FBFF36F8FFFF78A
:10C8F00025FD70BDC0000020D8000020BC04002031
:10C9000004ED00E050B900BF502181F31188BFF35E
:10C910004F8FBFF36F8F00BF00BFFEE70349096869
:10C92000016003490968416070470000E800002089
:10C93000D40000201CB51D4800210B468222CDE901
:10C9400000101BA11C4800F00DFD0446012C02D173
:10C9500000F024FF0446012C15D100BF502080F3C5
:10C960001188BFF34F8FBFF36F8F00BF4FF0FF30C1
:10C97000124908600120124908600020114908602E
:10C9800000F0E2F810E0601C08B1012000E0002097
:10C9900050B900BF502080F31188BFF34F8FBFF311
:10C9A0006F8F00BF00BFFEE71CBD0000F400002039
:10C9B00049444C450000000065BA0008F000002022
:10C9C000DC000020D400002070B50546FFF78CFC89
:10C9D00015B92E48006800E028460446201DFFF7E0
:10C9E00039FC78B9E06A00EB8000294951F8200051
:10C9F00040B994F82C1001208840264909688143E9
:10CA000024480160A06A18B104F11800FFF722FC65
:10CA1000211D2148FFF75CFCFFF790FC1F480068D0
:10CA200028B1FFF761FCFFF739FAFFF787FC1748D9
:10CA30000068844229D119480068D0B118480068BC
:10CA400008B9012000E0002050B900BF502080F359
:10CA50001188BFF34F8FBFF36F8F00BF00BFFEE79A
:10CA60004FF080500F490860BFF34F8FBFF36F8FB7
:10CA70000BE0094800680C490968884203D100208E
:10CA80000249086001E000F019F870BDC000002004
:10CA9000BC040020D800002070050020DC0000202D
:10CAA000F800002004ED00E0D000002002480068FB
:10CAB000401C014908607047F80000201D480068CC
:10CAC00018B101201C49086032E000201A490860B2
:10CAD0001A480068B0FA80F0C0F11F0101EB810034
:10CAE000174A52F8200008B1012000E0002050B998
:10CAF00000BF502080F31188BFF34F8FBFF36F8FBB
:10CB000000BF00BFFEE701EB81020D4B03EB82008B
:10CB100042685268426000F108024368934202D1C1
:10CB20004268526842604268D268064B1A6000BF91
:10CB300070470000F8000020E4000020D80000202A
:10CB4000BC040020C00000201CB5474800684749CD
:10CB5000884201D0012000E0002050B900BF5020E1
:10CB600080F31188BFF34F8FBFF36F8F00BF00BFFB
:10CB7000FEE73D4800683D49491E884201D001203A
:10CB800000E0002050B900BF502080F31188BFF3AF
:10CB90004F8FBFF36F8F00BF00BFFEE734490846D9
:10CBA00000780190FF200A46107008460078009037
:10CBB0009DF8000000F0F0009DF80020904201D1A7
:10CBC000012000E0002050B900BF502080F3118800
:10CBD000BFF34F8FBFF36F8F00BF00BFFEE79DF81D
:10CBE000000000F05000234A10700720224A106015
:10CBF00009E021480068401E1F4A10609DF80000AF
:10CC00004006000E00909DF8000000F08000802893
:10CC1000EFD0194800680002174A106010460088DB
:10CC200000F4E0601060124A019810700E48203045
:10CC3000006840F470000C49203108600846006824
:10CC400040F070400860FFF7E1FB00200B490860EE
:10CC5000F3F7C6FA0A48006840F040400849086007
:10CC6000F3F7AEFA00201CBD00ED00E071C20F41E9
:10CC700000E400E02C010020300100202801002009
:10CC800034EF00E010B500BF502080F31188BFF3EF
:10CC90004F8FBFF36F8F00BF00F0AAFB18B14FF0AA
:10CCA00080500449086000BF002080F3118800BF55
:10CCB00010BD000004ED00E02DE9F84305460E46E6
:10CCC00090460DB1012000E0002050B900BF502077
:10CCD00080F31188BFF34F8FBFF36F8F00BF00BF8A
:10CCE000FEE70EB9002701E005FB06F707F150004B
:10CCF000FFF7ECF9044644B104F1500943464A46B3
:10CD0000314628460094FEF7C1FE2046BDE8F88370
:10CD10002DE9FF4782B005460E461F464FF0000A38
:10CD20002C4654B900BF502080F31188BFF34F8FB9
:10CD3000BFF36F8F00BF00BFFEE70EB9206C08B9CC
:10CD4000012000E0002050B900BF502080F311887E
:10CD5000BFF34F8FBFF36F8F00BF00BFFEE700F040
:10CD600031FB08B9049808B9012000E0002050B94F
:10CD700000BF502080F31188BFF34F8FBFF36F8F38
:10CD800000BF00BFFEE700BFFFF7AEFAD4F838904F
:10CD9000B9F1000F3DD0D4F80C8031462046FEF7A3
:10CDA000B3FDDFB9A9F10100A063206810B9FFF756
:10CDB0002BFA6060206908B9012000E0002010BB58
:10CDC00004F1100000F01CFCE8B14FF08050404925
:10CDD0000860BFF34F8FBFF36F8F14E0C4F80C806F
:10CDE000606A08B9012000E0002060B904F1240065
:10CDF00000F006FC38B14FF0805035490860BFF3B1
:10CE00004F8FBFF36F8FFFF799FA012006B0BDE88F
:10CE1000F087049818B9FFF791FA0020F6E7BAF105
:10CE2000000F04D16846FFF76DFD4FF0010AFFF7D0
:10CE300085FAFFF73BFEFFF757FA94F94400401CD0
:10CE400010B9002084F8440094F94500401C10B942
:10CE5000002084F84500FFF771FA04A9684600F045
:10CE60003BFA40BB2046FEF715FFF0B1206830B911
:10CE7000FFF73AFA6068FFF7A5FCFFF75FFA04F1E5
:10CE800024000499FFF762FC2046FFF7E0F800F069
:10CE900003FC00287FF478AF4FF080500C49086005
:10CEA000BFF34F8FBFF36F8F6EE72046FFF7CFF8CA
:10CEB00000F0F2FB68E72046FFF7C9F800F0ECFB52
:10CEC0002046FEF7E7FE0028EED000209EE7000097
:10CED00004ED00E070B505460E462C4654B900BF7F
:10CEE000502080F31188BFF34F8FBFF36F8F00BFC7
:10CEF00000BFFEE7FFF7F8F9D4E90F12206801FB45
:10CF0000020060600020A0632068A060E06B401E0B
:10CF1000226C216800FB0210E060FF2084F84400CE
:10CF200084F845009EB9206908B9012000E000207E
:10CF3000A8B904F1100000F063FB80B14FF08050FD
:10CF400009490860BFF34F8FBFF36F8F07E004F10B
:10CF50001000FFF793F904F12400FFF78FF9FFF7B2
:10CF6000EDF9012070BD000004ED00E02DE9FF4364
:10CF700083B0064688461D464FF00009344654B932
:10CF800000BF502080F31188BFF34F8FBFF36F8F26
:10CF900000BF00BFFEE7B8F1000F01D1206C08B957
:10CFA000012000E0002050B900BF502080F311881C
:10CFB000BFF34F8FBFF36F8F00BF00BFFEE7022D9F
:10CFC00002D1E06B012801D1012000E0002050B91E
:10CFD00000BF502080F31188BFF34F8FBFF36F8FD6
:10CFE00000BF00BFFEE700F0EDF908B9059808B9E9
:10CFF000012000E0002050B900BF502080F31188CC
:10D00000BFF34F8FBFF36F8F00BF00BFFEE700BFBE
:10D01000FFF76AF9A06BE16B884201D3022D28D19A
:10D020002A4641462046FEF784FC0746606A08B956
:10D03000012000E0002068B904F1240000F0E0FACB
:10D0400088B14FF0805032490860BFF34F8FBFF373
:10D050006F8F08E03FB14FF080502D490860BFF35B
:10D060004F8FBFF36F8FFFF769F9012007B0BDE85D
:10D07000F083059818B9FFF761F90020F6E7B9F1D8
:10D08000000F04D101A8FFF73DFC4FF00109FFF7A5
:10D0900055F9FFF70BFDFFF727F994F94400401C01
:10D0A00010B9002084F8440094F94500401C10B9E0
:10D0B000002084F84500FFF741F905A901A800F018
:10D0C0000BF9F0B92046FEF7F2FDA0B104F1100013
:10D0D0000599FFF73BFB2046FEF7B9FF00F0DCFAAD
:10D0E000002895D14FF0805009490860BFF34F8F59
:10D0F000BFF36F8F8CE72046FEF7A9FF00F0CCFA54
:10D1000086E72046FEF7A3FF00F0C6FA0020ADE751
:10D1100004ED00E02DE9F05F07468A4690461E4682
:10D120003C4654B900BF502080F31188BFF34F8FA5
:10D13000BFF36F8F00BF00BFFEE7BAF1000F01D150
:10D14000206C08B9012000E0002050B900BF502039
:10D1500080F31188BFF34F8FBFF36F8F00BF00BF05
:10D16000FEE7022E02D1E06B012801D1012000E090
:10D17000002050B900BF502080F31188BFF34F8FBB
:10D18000BFF36F8F00BF00BFFEE7FFF74FF900BF8F
:10D190005021EFF3118081F31188BFF34F8FBFF35C
:10D1A0006F8F00BF0546A06BE16B884201D3022E52
:10D1B00023D194F945B0324651462046FEF7B9FBDB
:10D1C0000BF1010088B9606A08B9012000E0002075
:10D1D00080B904F1240000F013FA58B1B8F1000F3F
:10D1E00008D00120C8F8000004E00BF1010040B2B3
:10D1F00084F845004FF0010901E04FF0000900BF3D
:10D2000085F3118800BF4846BDE8F09F2DE9F05F27
:10D21000064689461746344654B900BF502080F36D
:10D220001188BFF34F8FBFF36F8F00BF00BFFEE7C2
:10D23000B9F1000F01D1206C08B9012000E00020F5
:10D2400050B900BF502080F31188BFF34F8FBFF358
:10D250006F8F00BF00BFFEE7FFF7E8F800BF502167
:10D26000EFF3118081F31188BFF34F8FBFF36F8FFE
:10D2700000BF0546D4F838A0BAF1000F22D094F9C7
:10D2800044B049462046FEF73FFBAAF10100A063E7
:10D290000BF1010070B9206908B9012000E00020FD
:10D2A00068B904F1100000F0ABF940B13FB10120C2
:10D2B000386004E00BF1010040B284F844004FF004
:10D2C000010801E04FF0000800BF85F3118800BF9E
:10D2D0004046BDE8F09F000070B504460D4654B9C5
:10D2E00000BF502080F31188BFF34F8FBFF36F8FC3
:10D2F00000BF00BFFEE755B900BF502080F3118882
:10D30000BFF34F8FBFF36F8F00BF00BFFEE7FEF785
:10D31000EBFF124803682868401C08B9002619E092
:10D320000F4920680968884204D06068984201D893
:10D3300001260FE06068181A2968884209D2286817
:10D340006168591A401A28602046FFF7DBFA002668
:10D3500000E00126FEF7F2FF304670BDD400002049
:10D36000E80000202DE9FF4F85B08046894617462A
:10D37000DDE912ABB800FEF7A9FE064656B158200B
:10D38000FEF7A4FE04460CB1266304E03046FEF727
:10D39000F3FF00E000247CB10020CDE900ABCDE933
:10D3A00002403A4649464046089BFEF784FB204629
:10D3B000FEF7EAF9012501E04FF0FF35284609B0F4
:10D3C000BDE8F08F0549096809B9012005E0044965
:10D3D000096809B9022000E000207047DC00002045
:10D3E000F80000200149086870470000D4000020C0
:10D3F0002DE9F0414FF0000844480068002877D13B
:10D4000043480068451C4248056015BB4148006818
:10D41000006808B9012000E0002050B900BF50208A
:10D4200080F31188BFF34F8FBFF36F8F00BF00BF32
:10D43000FEE73848076838480068364908603648CB
:10D44000076036480068401C34490860FEF726FD36
:10D4500000BF3348006885423CD300BF2D480068B8
:10D46000006808B9012000E0002020B14FF0FF3033
:10D470002B4908602DE027480068C068C4686668CA
:10D48000B54202D22648066023E0201DFEF7E2FEE8
:10D49000A06A18B104F11800FEF7DCFE94F82C1015
:10D4A000012088401F49096808431E490860E16A55
:10D4B00001EB81011C4A02EB8100211DFEF708FFF0
:10D4C0001A49E06A0968C96A8842C7D34FF001085F
:10D4D000C4E700BF15480068C06A00EB800012492D
:10D4E00051F82000012801D94FF0010805E0FFE7BD
:10D4F0000F480068401C0E4908600E48006808B1DB
:10D500004FF001084046BDE8F0810000F80000201F
:10D51000D4000020C4000020C8000020E800002043
:10D52000F0000020D8000020BC040020C000002033
:10D53000E0000020E400002070B505462C460026DF
:10D54000002D55D02B480068844201D1012000E015
:10D55000002050B900BF502080F31188BFF34F8FD7
:10D56000BFF36F8F00BF00BFFEE7E06C50B900BF94
:10D57000502080F31188BFF34F8FBFF36F8F00BF30
:10D5800000BFFEE7E06C401EE064A16CE06A8842E8
:10D590002ED0E06C60BB201DFEF75CFE78B9E06A1F
:10D5A00000EB8000144951F8200040B994F82C1089
:10D5B0000120884011490968814310480160A06C2E
:10D5C000E062E06AC0F10500A06194F82C1001202F
:10D5D00088400A490968084308490860E16A01EB84
:10D5E0008101054A02EB8100211DFEF771FE012633
:10D5F000304670BDC0000020BC040020D8000020D0
:10D6000070B50646F068C46854B900BF502080F376
:10D610001188BFF34F8FBFF36F8F00BF00BFFEE7CE
:10D6200004F11800FEF716FE15480068A8B9201D81
:10D63000FEF710FE94F82C1001208840114909686B
:10D64000084310490860E16A01EB81010E4A02EBD0
:10D650008100211DFEF73CFE04E004F118010B4897
:10D66000FEF736FE0A49E06A0968C96A884204D9A9
:10D67000012501200749086000E00025284670BD0B
:10D68000F8000020D8000020BC040020480500203D
:10D69000C0000020E400002070B5002400263648B9
:10D6A000006850B900BF502080F31188BFF34F8F3E
:10D6B000BFF36F8F00BF00BFFEE7FEF715FE2E48D9
:10D6C0000068401E2C4908600846006800284FD1B9
:10D6D0002A48006800284BD024E02948C068C46864
:10D6E00004F11800FEF7B6FD201DFEF7B3FD94F817
:10D6F0002C1001208840234909680843214908600B
:10D70000E16A01EB8101204A02EB8100211DFEF755
:10D71000DFFD1E49E06A0968C96A884202D3012018
:10D720001B4908601648006808B9012000E0002085
:10D730000028D2D00CB1FEF7B1FB1648056865B1E0
:10D7400000BFFFF755FE10B10120114908606D1EA2
:10D75000002DF6D100200F4908600D48006838B14F
:10D76000012630070C490860BFF34F8FBFF36F8F5E
:10D77000FEF7E4FD304670BDF8000020D000002028
:10D7800048050020D8000020BC040020C000002074
:10D79000E4000020E000002004ED00E01CB50024BF
:10D7A000FEF74EF80E48006858B10E4802210023DB
:10D7B0004FF48272CDE900100BA10D48FFF7D2FDA6
:10D7C000044654B900BF502080F31188BFF34F8F37
:10D7D000BFF36F8F00BF00BFFEE720461CBD0000F7
:10D7E0000401002008010020546D7220537663006C
:10D7F00035C000082DE9FE4304460D4616461F4677
:10D80000DDF828804FF0000954B900BF502080F3A4
:10D810001188BFF34F8FBFF36F8F00BF00BFFEE7CC
:10D820001448006810B3009501960294062D15DA8D
:10D83000FFF7C8FD022808D10023424669460D487B
:10D840000068FFF793FB814610E000231A46694603
:10D8500008480068FFF78AFB814607E000233A4644
:10D86000694604480068FFF755FC81464846BDE814
:10D87000FE830000040100202020FF202004844FAC
:10D880002414244F8404000010301F080801F849B4
:10D8900049494949F80101000404E4242424243FAF
:10D8A00024242424E404040080804322120E020273
:10D8B000027E82828380E0004458C0FF504C0044C6
:10D8C00054547F5454544400080601FF01060000DC
:10D8D000FF151555957F00000000007E4242424230
:10D8E0004242427E0000000000FE424242FE000032
:10D8F00000FE424242FE0000000000000000000066
:10D900000000000000000000000000000000000017
:10D910000000000000000000000000000000000007
:10D9200000000000000000000000000000000000F7
:10D9300000000000000000000000000000000000E7
:10D9400000000000000000000000000000000000D7
:10D9500000000000000000000000000000000000C7
:10D9600000000000000000000000000000000000B7
:10D9700000000000000000000000000000000000A7
:10D980000000000000000000000000000000000097
:10D990000000000000000000000000000000000087
:10D9A0000000000000000000000000000000000077
:10D9B0000000000000000000000000000000000067
:10D9C0000000000000000000000000000000000057
:10D9D0000000000000000000000000000000000047
:10D9E0000000000000000000000000000000000037
:10D9F0000000000000000000000000000000020E17
:10DA00001E7EFEFEFEF8E000000080E0F8FCFEFE58
:10DA10007E1E0602001E1E1E1E1E1E1EFEFEFEFE98
:10DA2000FE1E1E1E1E1E1E1E000000000000000026
:10DA3000E0FCFEFE7EFEFEFEFCE0000000000000BA
:10DA40000000000000FEFEFEFEFE1E1E1E1E1E1E2C
:10DA50003EFEFCFCFCF8E00000000000FEFEFEFEC6
:10DA6000FE0000000080E0F0F8FEFE7E1E0E0602C2
:10DA700000000000000000000000000000000000A6
:10DA800000000107CFFFFFFFFCFEFFFFDF070300E1
:10DA9000000000000000000000000000FFFFFFFF8A
:10DAA000FF000000000000000000000000E0F8FFA0
:10DAB000FFFF1F030000073FFFFFFFF8E00000002B
:10DAC0000000000000FFFFFFFFFFF0F0F0F0F0F8B3
:10DAD000FCBFBF3F1F0F030000000000FFFFFFFF60
:10DAE000FF70F8FEFFFFFFCF87010000000000007D
:10DAF000000000000000000000000000000000C066
:10DB0000E0F8FCFFFF3F0F0700030F3FFFFFFEF8A9
:10DB1000F0C000000000000000000000FFFFFFFF59
:10DB2000FF000000000000000000C0F8FFFFFF7FC2
:10DB30000F0F0F0F0F0F0F0F0F0F7FFFFFFFF8C01B
:10DB40000000000000FFFFFFFFFF000000010107D1
:10DB50001F3FFFFFFEF8F0C000000000FFFFFFFFC7
:10DB6000FF000001070F1F3FFFFEFCF8F0C0800020
:10DB7000000000000000000000000000000203039D
:10DB80000303030300000000000000000003030380
:10DB9000030303020000000000000000030303036E
:10DBA0000300000000000000000203030303030061
:10DBB0000000000000000000000000030303030356
:10DBC0000200000000030303030300000000000044
:10DBD0000000000303030303030200000303030325
:10DBE000030000000000000000010303030303031F
:10DBF0000200000000000000000000000000000023
:10DC00000000000000000000000000000000000014
:10DC10000000000000000000000000000000000004
:10DC200000000000000000000000000000000000F4
:10DC300000000000000000000000000000000000E4
:10DC400000000000000000000000000000000000D4
:10DC500000000000000000000000000000000000C4
:10DC600000000000000000000000000000000000B4
:10DC700000000000000000000000000000000000A4
:10DC80000000000000000000000000000000000094
:10DC90000000000000000000000000000000000084
:10DCA0000000000000000000000000000000000074
:10DCB0000000000000000000000000000000000064
:10DCC0000000000000000000000000000000000054
:10DCD0000000000000000000000000000000000044
:10DCE0000000000000000000000000000000000034
:10DCF0000000000000000000FF0000FFFF0000FF28
:10DD000000FFFFFFFFFFFF0000FF00FFFFFF00FF1E
:10DD1000000000FF0000FF00000000000000000005
:10DD200000000000000000000000000000000000F3
:10DD3000000000000000000000FF0000FF000000E5
:10DD400000000000000000000000000000000000D3
:10DD5000000000F800000000000000333000000068
:10DD600000100C06100C060000000000000000006F
:10DD700040C07840C0784000043F04043F040400E1
:10DD8000007088FC08300000001820FF211E0000F1
:10DD9000F008F000E018000000211C031E211E0006
:10DDA00000F00888700000001E212324192721108C
:10DDB00010160E000000000000000000000000002F
:10DDC000000000E0180402000000000718204000D6
:10DDD00000020418E00000000040201807000000C6
:10DDE000404080F0804040000202010F010202002A
:10DDF000000000F0000000000101011F010101000E
:10DE0000000000000000000080B070000000000072
:10DE100000000000000000000001010101010101FB
:10DE20000000000000000000003030000000000092
:10DE30000000000080601804006018060100000067
:10DE400000E010080810E000000F102020100F0064
:10DE5000001010F8000000000020203F20200000EB
:10DE60000070080808887000003028242221300043
:10DE700000300888884830000018202020110E004B
:10DE80000000C02010F8000000070424243F2400F4
:10DE900000F80888880808000019212020110E00C9
:10DEA00000E0108888180000000F112020110E00DB
:10DEB00000380808C83808000000003F00000000D3
:10DEC0000070880808887000001C222121221C0094
:10DED00000E010080810E0000000312222110F00BD
:10DEE000000000C0C0000000000000303000000052
:10DEF00000000080000000000000806000000000C2
:10DF000000008040201008000001020408102000DA
:10DF10004040404040404000040404040404040025
:10DF200000081020408000000020100804020100BA
:10DF3000007048080808F0000000003036010000BA
:10DF4000C030C828E810E0000718272423140B006D
:10DF50000000C038E0000000203C230202273820E7
:10DF600008F8888888700000203F202020110E00CB
:10DF7000C0300808080838000718202020100800C2
:10DF800008F808080810E000203F202020100F00AB
:10DF900008F88888E8081000203F20202320180077
:10DFA00008F88888E8081000203F200003000000DF
:10DFB000C03008080838000007182020221E020080
:10DFC00008F808000008F808203F210101213F203F
:10DFD000000808F8080800000020203F202000006A
:10DFE00000000808F8080800C08080807F0000005A
:10DFF00008F888C028180800203F20012638200093
:10E0000008F8080000000000203F202020203000F9
:10E0100008F8F800F8F80800203F003F003F200013
:10E0200008F830C00008F808203F200007183F001B
:10E03000E01008080810E0000F10202020100F004A
:10E0400008F808080808F000203F2101010100003D
:10E05000E01008080810E0000F18242438504F0082
:10E0600008F8888888887000203F2000030C302042
:10E0700000708808080838000038202121221C0080
:10E08000180808F8080818000000203F20000000C9
:10E0900008F808000008F808001F202020201F00B2
:10E0A0000878880000C83808000007380E01000012
:10E0B000F80800F80008F800033C0700073C0300DC
:10E0C000081868808068180820302C03032C302042
:10E0D0000838C800C83808000000203F20000000B1
:10E0E00010080808C8380800203826212020180009
:10E0F000000000FE020202000000007F40404000DD
:10E10000000C30C000000000000000010638C00014
:10E1100000020202FE000000004040407F000000BC
:10E1200000000402020204000000000000000000E1
:10E1300000000000000000008080808080808080DF
:10E1400000020204000000000000000000000000C7
:10E1500000008080808000000019242222223F20BD
:10E1600008F8008080000000003F112020110E0000
:10E170000000008080800000000E1120202011008F
:10E18000000000808088F800000E112020103F2041
:10E190000000808080800000001F222222221300C5
:10E1A000008080F0888888180020203F2020000010
:10E1B0000000808080808000006B949494936000C5
:10E1C00008F8008080800000203F210000203F20D0
:10E1D00000809898000000000020203F20200000D0
:10E1E000000000809898000000C08080807F0000C0
:10E1F00008F8000080808000203F24022D3020009D
:10E20000000808F8000000000020203F2020000047
:10E210008080808080808000203F20003F20003F61
:10E220008080008080800000203F210000203F206F
:10E230000000808080800000001F202020201F0020
:10E24000808000808000000080FFA12020110E004F
:10E250000000008080808000000E112020A0FF8040
:10E26000808080008080800020203F2120000100ED
:10E270000000808080808000003324242424190042
:10E28000008080E0808000000000001F202000004F
:10E290008080000000808000001F202020103F2090
:10E2A000808080000080808000010E300806010020
:10E2B00080800080008080800F300C030C300F00C5
:10E2C00000808000808080000020312E0E312000F0
:10E2D000808080000080808080818E701806010020
:10E2E00000808080808080000021302C222130003E
:10E2F00000000000807C020200000000003F40405F
:10E3000000000000FF00000000000000FF0000000F
:10E310000002027C800000000040403F000000003E
:10E3200000060101020204040000000000000000D9
:10E330000000000000000000002F000000000700A7
:10E34000070000147F147F1400242A7F2A12006221
:10E3500064081323003649552250000005030000CD
:10E3600000001C224100000041221C000014083E55
:10E3700008140008083E0808000000A0600000081B
:10E38000080808080000606000000020100804026F
:10E39000003E5149453E0000427F4000004261512D
:10E3A0004946002141454B31001814127F100027C7
:10E3B00045454539003C4A4949300001710905038A
:10E3C00000364949493600064949291E00003636BB
:10E3D000000000005636000000081422410000141E
:10E3E00014141414000041221408000201510906FB
:10E3F00000324959513E007C1211127C007F49497C
:10E400004936003E41414122007F4141221C007FAC
:10E4100049494941007F09090901003E4149497ABA
:10E42000007F0808087F0000417F41000020404134
:10E430003F01007F08142241007F40404040007FA0
:10E44000020C027F007F0408107F003E4141413EE4
:10E45000007F09090906003E4151215E007F09192C
:10E4600029460046494949310001017F0101003F29
:10E470004040403F001F2040201F003F4038403FA9
:10E48000006314081463000708700807006151490D
:10E49000454300007F41410000552A552A550000A0
:10E4A00041417F000004020102040040404040401E
:10E4B000000001020400002054545478007F4844B6
:10E4C000443800384444442000384444487F0038ED
:10E4D0005454541800087E0901020018A4A4A47C16
:10E4E000007F080404780000447D400000408084E0
:10E4F0007D00007F102844000000417F4000007C28
:10E5000004180478007C0804047800384444443833
:10E5100000FC242424180018242418FC007C08047F
:10E52000040800485454542000043F444020003C58
:10E530004040207C001C2040201C003C4030403CDF
:10E54000004428102844001CA0A0A07C004464546F
:10E550004C44141414141414484944007CE5000875
:10E560000000002068010000FC080008C0E5000869
:10E570006801002058450100D0AF00080119847AD5
:10E58000030A00091A0102030406070809162003FA
:10E59000E80301024201022204298E09209201505F
:10E5A0001AAA0101101358E53308FF1365851B08EB
:10E5B000090413C182140875881408D3890210084D
:040000050800018965
:00000001FF
